display_name,authority,authority_id,rank,kingdom,subkingdom,infrakingdom,superphylum,phylum,subphylum,superclass,class,subclass,infraclass,superorder,order,suborder,infraorder,superfamily,family,subfamily,tribe,subtribe,genus,subgenus,species,subspecies,variety,form,processing_timestamp,match_status
Abutiloneus,ITIS,719791,Genus,Animalia,Bilateria,Protostomia,Ecdysozoa,Arthropoda,Hexapoda,NA,Insecta,Pterygota,Neoptera,Holometabola,Coleoptera,Polyphaga,Cucujiformia,Chrysomeloidea,Chrysomelidae,Bruchinae,NA,NA,Abutiloneus,NA,NA,NA,NA,NA,2025-11-16T23:23:44Z,success
Acanthoscelides,ITIS,114505,Genus,Animalia,Bilateria,Protostomia,Ecdysozoa,Arthropoda,Hexapoda,NA,Insecta,Pterygota,Neoptera,Holometabola,Coleoptera,Polyphaga,Cucujiformia,Chrysomeloidea,Chrysomelidae,Bruchinae,NA,NA,Acanthoscelides,NA,NA,NA,NA,NA,2025-11-16T23:32:58Z,success
Acari,ITIS,733321,Subclass,NA,NA,NA,NA,NA,NA,NA,NA,Acari,NA,NA,NA,NA,NA,NA,NA,NA,NA,NA,NA,NA,NA,NA,NA,NA,2025-11-16T23:23:45Z,success
Acariformes,ITIS,690740,Superorder,Animalia,Bilateria,Protostomia,Ecdysozoa,Arthropoda,Chelicerata,NA,Arachnida,NA,NA,Acariformes,NA,NA,NA,NA,NA,NA,NA,NA,NA,NA,NA,NA,NA,NA,2025-11-16T23:32:15Z,success
Acholla,ITIS,107301,Genus,Animalia,Bilateria,Protostomia,Ecdysozoa,Arthropoda,Hexapoda,NA,Insecta,Pterygota,Neoptera,Acercaria,Hemiptera,Heteroptera,Cimicomorpha,Reduvoidea,Reduviidae,Harpactorinae,Harpactorini,NA,Acholla,NA,NA,NA,NA,NA,2025-11-16T23:23:47Z,success
Aconobius,GBIF,4760259,Genus,Animalia,NA,NA,NA,Arthropoda,NA,NA,Insecta,NA,NA,NA,Coleoptera,NA,NA,NA,Tenebrionidae,NA,NA,NA,Aconobius,NA,NA,NA,NA,NA,2025-11-16T23:23:48Z,success
Acrididae,ITIS,102195,Family,Animalia,Bilateria,Protostomia,Ecdysozoa,Arthropoda,Hexapoda,NA,Insecta,Pterygota,Neoptera,Polyneoptera,Orthoptera,Caelifera,Acrididea,Acridoidea,Acrididae,NA,NA,NA,NA,NA,NA,NA,NA,NA,2025-11-16T23:23:49Z,success
Aeolothripidae,ITIS,103350,Family,Animalia,Bilateria,Protostomia,Ecdysozoa,Arthropoda,Hexapoda,NA,Insecta,Pterygota,Neoptera,Acercaria,Thysanoptera,Terebrantia,NA,NA,Aeolothripidae,NA,NA,NA,NA,NA,NA,NA,NA,NA,2025-11-16T23:23:50Z,success
Aeolus,ITIS,186600,Genus,Animalia,Bilateria,Protostomia,Ecdysozoa,Arthropoda,Hexapoda,NA,Insecta,Pterygota,Neoptera,Holometabola,Coleoptera,Polyphaga,Elateriformia,Elateroidea,Elateridae,NA,NA,NA,Aeolus,NA,NA,NA,NA,NA,2025-11-16T23:23:49Z,success
Agallia,ITIS,199997,Genus,Animalia,Bilateria,Protostomia,Ecdysozoa,Arthropoda,Hexapoda,NA,Insecta,Pterygota,Neoptera,Acercaria,Hemiptera,Auchenorrhyncha,Cicadomorpha,Membracoidea,Cicadellidae,NA,NA,NA,Agallia,NA,NA,NA,NA,NA,2025-11-16T23:32:22Z,success
Agelenidae,ITIS,871511,Family,Animalia,Bilateria,Protostomia,Ecdysozoa,Arthropoda,Chelicerata,NA,Arachnida,NA,NA,NA,Araneae,NA,NA,NA,Agelenidae,NA,NA,NA,NA,NA,NA,NA,NA,NA,2025-11-16T23:33:11Z,success
Agonum,ITIS,110242,Genus,Animalia,Bilateria,Protostomia,Ecdysozoa,Arthropoda,Hexapoda,NA,Insecta,Pterygota,Neoptera,Holometabola,Coleoptera,Adephaga,NA,NA,Carabidae,Harpalinae,Platynini,NA,Agonum,NA,NA,NA,NA,NA,2025-11-16T23:23:51Z,success
Agroeca,ITIS,871582,Genus,Animalia,Bilateria,Protostomia,Ecdysozoa,Arthropoda,Chelicerata,NA,Arachnida,NA,NA,NA,Araneae,NA,NA,NA,Liocranidae,NA,NA,NA,Agroeca,NA,NA,NA,NA,NA,2025-11-16T23:23:51Z,success
Agromyza,ITIS,143386,Genus,Animalia,Bilateria,Protostomia,Ecdysozoa,Arthropoda,Hexapoda,NA,Insecta,Pterygota,Neoptera,Holometabola,Diptera,Brachycera,Muscomorpha,NA,Agromyzidae,Agromyzinae,NA,NA,Agromyza,NA,NA,NA,NA,NA,2025-11-16T23:23:52Z,success
Agromyzidae,ITIS,143384,Family,Animalia,Bilateria,Protostomia,Ecdysozoa,Arthropoda,Hexapoda,NA,Insecta,Pterygota,Neoptera,Holometabola,Diptera,Brachycera,Muscomorpha,NA,Agromyzidae,NA,NA,NA,NA,NA,NA,NA,NA,NA,2025-11-16T23:23:53Z,success
Ahasverus,ITIS,114304,Genus,Animalia,Bilateria,Protostomia,Ecdysozoa,Arthropoda,Hexapoda,NA,Insecta,Pterygota,Neoptera,Holometabola,Coleoptera,Polyphaga,Cucujiformia,Cucujoidea,Silvanidae,Silvaninae,NA,NA,Ahasverus,NA,NA,NA,NA,NA,2025-11-16T23:23:53Z,success
Alaudes,GBIF,4724398,Genus,Animalia,NA,NA,NA,Arthropoda,NA,NA,Insecta,NA,NA,NA,Coleoptera,NA,NA,NA,Tenebrionidae,NA,NA,NA,Alaudes,NA,NA,NA,NA,NA,2025-11-16T23:23:55Z,success
Alconeura,GBIF,2049031,Genus,Animalia,NA,NA,NA,Arthropoda,NA,NA,Insecta,NA,NA,NA,Hemiptera,NA,NA,NA,Cicadellidae,NA,NA,NA,Alconeura,NA,NA,NA,NA,NA,2025-11-16T23:23:56Z,success
Aleochara,ITIS,186399,Genus,Animalia,Bilateria,Protostomia,Ecdysozoa,Arthropoda,Hexapoda,NA,Insecta,Pterygota,Neoptera,Holometabola,Coleoptera,Polyphaga,Staphyliniformia,Staphylinoidea,Staphylinidae,Aleocharinae,Aleocharini,NA,Aleochara,NA,NA,NA,NA,NA,2025-11-16T23:23:56Z,success
Aleyrodidae,ITIS,109189,Family,Animalia,Bilateria,Protostomia,Ecdysozoa,Arthropoda,Hexapoda,NA,Insecta,Pterygota,Neoptera,Acercaria,Hemiptera,Sternorrhyncha,NA,Aleyrodoidea,Aleyrodidae,NA,NA,NA,NA,NA,NA,NA,NA,NA,2025-11-16T23:23:57Z,success
Algarobius,ITIS,187739,Genus,Animalia,Bilateria,Protostomia,Ecdysozoa,Arthropoda,Hexapoda,NA,Insecta,Pterygota,Neoptera,Holometabola,Coleoptera,Polyphaga,Cucujiformia,Chrysomeloidea,Chrysomelidae,Bruchinae,NA,NA,Algarobius,NA,NA,NA,NA,NA,2025-11-16T23:23:58Z,success
Allocosa,ITIS,847830,Genus,Animalia,Bilateria,Protostomia,Ecdysozoa,Arthropoda,Chelicerata,NA,Arachnida,NA,NA,NA,Araneae,NA,NA,NA,Lycosidae,NA,NA,NA,Allocosa,NA,NA,NA,NA,NA,2025-11-16T23:23:59Z,success
Alopecosa,ITIS,847837,Genus,Animalia,Bilateria,Protostomia,Ecdysozoa,Arthropoda,Chelicerata,NA,Arachnida,NA,NA,NA,Araneae,NA,NA,NA,Lycosidae,NA,NA,NA,Alopecosa,NA,NA,NA,NA,NA,2025-11-16T23:24:00Z,success
Altica,ITIS,719709,Genus,Animalia,Bilateria,Protostomia,Ecdysozoa,Arthropoda,Hexapoda,NA,Insecta,Pterygota,Neoptera,Holometabola,Coleoptera,Polyphaga,Cucujiformia,Chrysomeloidea,Chrysomelidae,Galerucinae,Alticini,NA,Altica,NA,NA,NA,NA,NA,2025-11-16T23:24:00Z,success
Alticini,ITIS,719593,Tribe,Animalia,Bilateria,Protostomia,Ecdysozoa,Arthropoda,Hexapoda,NA,Insecta,Pterygota,Neoptera,Holometabola,Coleoptera,Polyphaga,Cucujiformia,Chrysomeloidea,Chrysomelidae,Galerucinae,Alticini,NA,NA,NA,NA,NA,NA,NA,2025-11-16T23:32:50Z,success
Alysiinae,ITIS,1141999,Subfamily,Animalia,Bilateria,Protostomia,Ecdysozoa,Arthropoda,Hexapoda,NA,Insecta,Pterygota,Neoptera,Holometabola,Hymenoptera,Apocrita,Terebrantes,Ichneumonoidea,Braconidae,Alysiinae,NA,NA,NA,NA,NA,NA,NA,NA,2025-11-16T23:24:01Z,success
Amara,ITIS,110847,Genus,Animalia,Bilateria,Protostomia,Ecdysozoa,Arthropoda,Hexapoda,NA,Insecta,Pterygota,Neoptera,Holometabola,Coleoptera,Adephaga,NA,NA,Carabidae,Harpalinae,Zabrini,NA,Amara,NA,NA,NA,NA,NA,2025-11-16T23:24:02Z,success
Amblypygi,ITIS,690744,Order,Animalia,Bilateria,Protostomia,Ecdysozoa,Arthropoda,Chelicerata,NA,Arachnida,NA,NA,NA,Amblypygi,NA,NA,NA,NA,NA,NA,NA,NA,NA,NA,NA,NA,NA,2025-11-16T23:24:03Z,success
Ammotrechidae,ITIS,690762,Family,Animalia,Bilateria,Protostomia,Ecdysozoa,Arthropoda,Chelicerata,NA,Arachnida,NA,NA,NA,Solifugae,NA,NA,NA,Ammotrechidae,NA,NA,NA,NA,NA,NA,NA,NA,NA,2025-11-16T23:33:09Z,success
Amphientomidae,ITIS,660988,Family,Animalia,Bilateria,Protostomia,Ecdysozoa,Arthropoda,Hexapoda,NA,Insecta,Pterygota,Neoptera,Acercaria,Psocodea,Troctomorpha,Amphientometae,Amphientomoidea,Amphientomidae,NA,NA,NA,NA,NA,NA,NA,NA,NA,2025-11-16T23:24:04Z,success
Andrenidae,ITIS,154361,Family,Animalia,Bilateria,Protostomia,Ecdysozoa,Arthropoda,Hexapoda,NA,Insecta,Pterygota,Neoptera,Holometabola,Hymenoptera,Apocrita,Aculeata,Apoidea,Andrenidae,NA,NA,NA,NA,NA,NA,NA,NA,NA,2025-11-16T23:24:05Z,success
Anepsius,GBIF,9800619,Genus,Animalia,NA,NA,NA,Arthropoda,NA,NA,Insecta,NA,NA,NA,Coleoptera,NA,NA,NA,Tenebrionidae,NA,NA,NA,Anepsius,NA,NA,NA,NA,NA,2025-11-16T23:24:06Z,success
Anobiidae,ITIS,114459,Family,NA,NA,NA,NA,NA,NA,NA,NA,NA,NA,NA,NA,NA,NA,NA,Anobiidae,NA,NA,NA,NA,NA,NA,NA,NA,NA,2025-11-16T23:24:07Z,success
Anthicidae,ITIS,114405,Family,Animalia,Bilateria,Protostomia,Ecdysozoa,Arthropoda,Hexapoda,NA,Insecta,Pterygota,Neoptera,Holometabola,Coleoptera,Polyphaga,Cucujiformia,Tenebrionoidea,Anthicidae,NA,NA,NA,NA,NA,NA,NA,NA,NA,2025-11-16T23:24:08Z,success
Anthicus,ITIS,187165,Genus,Animalia,Bilateria,Protostomia,Ecdysozoa,Arthropoda,Hexapoda,NA,Insecta,Pterygota,Neoptera,Holometabola,Coleoptera,Polyphaga,Cucujiformia,Tenebrionoidea,Anthicidae,Anthicinae,NA,NA,Anthicus,NA,NA,NA,NA,NA,2025-11-16T23:24:09Z,success
Anthocoridae,ITIS,106903,Family,Animalia,Bilateria,Protostomia,Ecdysozoa,Arthropoda,Hexapoda,NA,Insecta,Pterygota,Neoptera,Acercaria,Hemiptera,Heteroptera,Cimicomorpha,Cimicoidea,Anthocoridae,NA,NA,NA,NA,NA,NA,NA,NA,NA,2025-11-16T23:24:10Z,success
Anthomyiidae,ITIS,148685,Family,Animalia,Bilateria,Protostomia,Ecdysozoa,Arthropoda,Hexapoda,NA,Insecta,Pterygota,Neoptera,Holometabola,Diptera,Brachycera,Muscomorpha,NA,Anthomyiidae,NA,NA,NA,NA,NA,NA,NA,NA,NA,2025-11-16T23:24:10Z,success
Anthrenus,ITIS,114985,Genus,Animalia,Bilateria,Protostomia,Ecdysozoa,Arthropoda,Hexapoda,NA,Insecta,Pterygota,Neoptera,Holometabola,Coleoptera,Polyphaga,Bostrichiformia,Bostrichoidea,Dermestidae,Megatominae,NA,NA,Anthrenus,NA,NA,NA,NA,NA,2025-11-16T23:24:12Z,success
Anystidae,ITIS,895683,Family,Animalia,Bilateria,Protostomia,Ecdysozoa,Arthropoda,Chelicerata,NA,Arachnida,NA,NA,Acariformes,Trombidiformes,Prostigmata,Anystina,Anystoidea,Anystidae,NA,NA,NA,NA,NA,NA,NA,NA,NA,2025-11-16T23:32:19Z,success
Anystoidea,ITIS,895631,Superfamily,Animalia,Bilateria,Protostomia,Ecdysozoa,Arthropoda,Chelicerata,NA,Arachnida,NA,NA,Acariformes,Trombidiformes,Prostigmata,Anystina,Anystoidea,NA,NA,NA,NA,NA,NA,NA,NA,NA,NA,2025-11-16T23:32:32Z,success
Aphaenogaster,ITIS,574031,Genus,Animalia,Bilateria,Protostomia,Ecdysozoa,Arthropoda,Hexapoda,NA,Insecta,Pterygota,Neoptera,Holometabola,Hymenoptera,Apocrita,Aculeata,Vespoidea,Formicidae,Myrmicinae,Pheidolini,NA,Aphaenogaster,NA,NA,NA,NA,NA,2025-11-16T23:24:13Z,success
Aphelinidae,ITIS,709300,Family,Animalia,Bilateria,Protostomia,Ecdysozoa,Arthropoda,Hexapoda,NA,Insecta,Pterygota,Neoptera,Holometabola,Hymenoptera,Apocrita,Terebrantes,Chalcidoidea,Aphelinidae,NA,NA,NA,NA,NA,NA,NA,NA,NA,2025-11-16T23:24:14Z,success
Aphididae,ITIS,109191,Family,Animalia,Bilateria,Protostomia,Ecdysozoa,Arthropoda,Hexapoda,NA,Insecta,Pterygota,Neoptera,Acercaria,Hemiptera,Sternorrhyncha,NA,Aphidoidea,Aphididae,NA,NA,NA,NA,NA,NA,NA,NA,NA,2025-11-16T23:24:15Z,success
Aphis,ITIS,200573,Genus,Animalia,Bilateria,Protostomia,Ecdysozoa,Arthropoda,Hexapoda,NA,Insecta,Pterygota,Neoptera,Acercaria,Hemiptera,Sternorrhyncha,NA,Aphidoidea,Aphididae,NA,NA,NA,Aphis,NA,NA,NA,NA,NA,2025-11-16T23:33:40Z,success
Aphodius,ITIS,114494,Genus,Animalia,Bilateria,Protostomia,Ecdysozoa,Arthropoda,Hexapoda,NA,Insecta,Pterygota,Neoptera,Holometabola,Coleoptera,Polyphaga,Scarabeiformia,Scarabaeoidea,Scarabaeidae,Aphodiinae,Aphodiini,NA,Aphodius,NA,NA,NA,NA,NA,2025-11-16T23:24:16Z,success
Aphytis,GBIF,1363974,Genus,Animalia,NA,NA,NA,Arthropoda,NA,NA,Insecta,NA,NA,NA,Hymenoptera,NA,NA,NA,Aphelinidae,NA,NA,NA,Aphytis,NA,NA,NA,NA,NA,2025-11-16T23:24:17Z,success
Apidae,ITIS,154394,Family,Animalia,Bilateria,Protostomia,Ecdysozoa,Arthropoda,Hexapoda,NA,Insecta,Pterygota,Neoptera,Holometabola,Hymenoptera,Apocrita,Aculeata,Apoidea,Apidae,NA,NA,NA,NA,NA,NA,NA,NA,NA,2025-11-16T23:24:18Z,success
Apinae,ITIS,633913,Subfamily,Animalia,Bilateria,Protostomia,Ecdysozoa,Arthropoda,Hexapoda,NA,Insecta,Pterygota,Neoptera,Holometabola,Hymenoptera,Apocrita,Aculeata,Apoidea,Apidae,Apinae,NA,NA,NA,NA,NA,NA,NA,NA,2025-11-16T23:24:11Z,success
Apiomerus,ITIS,107203,Genus,Animalia,Bilateria,Protostomia,Ecdysozoa,Arthropoda,Hexapoda,NA,Insecta,Pterygota,Neoptera,Acercaria,Hemiptera,Heteroptera,Cimicomorpha,Reduvoidea,Reduviidae,Harpactorinae,Apiomerini,NA,Apiomerus,NA,NA,NA,NA,NA,2025-11-16T23:24:18Z,success
Apionidae,ITIS,188355,Family,NA,NA,NA,NA,NA,NA,NA,NA,NA,NA,NA,NA,NA,NA,NA,Apionidae,NA,NA,NA,NA,NA,NA,NA,NA,NA,2025-11-16T23:24:19Z,success
Apis,ITIS,154395,Genus,Animalia,Bilateria,Protostomia,Ecdysozoa,Arthropoda,Hexapoda,NA,Insecta,Pterygota,Neoptera,Holometabola,Hymenoptera,Apocrita,Aculeata,Apoidea,Apidae,Apinae,Apini,NA,Apis,NA,NA,NA,NA,NA,2025-11-16T23:24:20Z,success
Apis mellifera,ITIS,154396,Species,Animalia,Bilateria,Protostomia,Ecdysozoa,Arthropoda,Hexapoda,NA,Insecta,Pterygota,Neoptera,Holometabola,Hymenoptera,Apocrita,Aculeata,Apoidea,Apidae,Apinae,Apini,NA,Apis,NA,Apis mellifera,NA,NA,NA,2025-11-16T23:28:21Z,success
Apocellus,ITIS,690997,Genus,Animalia,Bilateria,Protostomia,Ecdysozoa,Arthropoda,Hexapoda,NA,Insecta,Pterygota,Neoptera,Holometabola,Coleoptera,Polyphaga,Staphyliniformia,Staphylinoidea,Staphylinidae,Oxytelinae,NA,NA,Apocellus,NA,NA,NA,NA,NA,2025-11-16T23:24:21Z,success
Apollophanes,ITIS,871656,Genus,Animalia,Bilateria,Protostomia,Ecdysozoa,Arthropoda,Chelicerata,NA,Arachnida,NA,NA,NA,Araneae,NA,NA,NA,Philodromidae,NA,NA,NA,Apollophanes,NA,NA,NA,NA,NA,2025-11-16T23:24:22Z,success
Aradidae,ITIS,107476,Family,Animalia,Bilateria,Protostomia,Ecdysozoa,Arthropoda,Hexapoda,NA,Insecta,Pterygota,Neoptera,Acercaria,Hemiptera,Heteroptera,Pentatomomorpha,Aradoidea,Aradidae,NA,NA,NA,NA,NA,NA,NA,NA,NA,2025-11-16T23:24:22Z,success
Araeoschizus,GBIF,4724392,Genus,Animalia,NA,NA,NA,Arthropoda,NA,NA,Insecta,NA,NA,NA,Coleoptera,NA,NA,NA,Tenebrionidae,NA,NA,NA,Araeoschizus,NA,NA,NA,NA,NA,2025-11-16T23:24:24Z,success
Araeoschizus sulcicollis,GBIF,9670785,Species,Animalia,NA,NA,NA,Arthropoda,NA,NA,Insecta,NA,NA,NA,Coleoptera,NA,NA,NA,Tenebrionidae,NA,NA,NA,Araeoschizus,NA,Araeoschizus sulcicollis,NA,NA,NA,2025-11-16T23:31:03Z,success
Araneidae,ITIS,82737,Family,Animalia,Bilateria,Protostomia,Ecdysozoa,Arthropoda,Chelicerata,NA,Arachnida,NA,NA,NA,Araneae,NA,NA,NA,Araneidae,NA,NA,NA,NA,NA,NA,NA,NA,NA,2025-11-16T23:24:25Z,success
Archaeognatha,ITIS,563887,Subclass,NA,NA,NA,NA,NA,NA,NA,NA,Archaeognatha,NA,NA,NA,NA,NA,NA,NA,NA,NA,NA,NA,NA,NA,NA,NA,NA,2025-11-16T23:28:31Z,success
Arctiinae,ITIS,693997,Subfamily,Animalia,Bilateria,Protostomia,Ecdysozoa,Arthropoda,Hexapoda,NA,Insecta,Pterygota,Neoptera,Holometabola,Lepidoptera,NA,NA,Noctuoidea,Erebidae,Arctiinae,NA,NA,NA,NA,NA,NA,NA,NA,2025-11-16T23:24:26Z,success
Arctosa,ITIS,847908,Genus,Animalia,Bilateria,Protostomia,Ecdysozoa,Arthropoda,Chelicerata,NA,Arachnida,NA,NA,NA,Araneae,NA,NA,NA,Lycosidae,NA,NA,NA,Arctosa,NA,NA,NA,NA,NA,2025-11-16T23:24:26Z,success
Arenivaga,ITIS,102410,Genus,Animalia,Bilateria,Protostomia,Ecdysozoa,Arthropoda,Hexapoda,NA,Insecta,Pterygota,Neoptera,Polyneoptera,Blattodea,NA,NA,Corydioidea,Corydiidae,Corydiinae,NA,NA,Arenivaga,NA,NA,NA,NA,NA,2025-11-16T23:24:27Z,success
Argidae,ITIS,152757,Family,Animalia,Bilateria,Protostomia,Ecdysozoa,Arthropoda,Hexapoda,NA,Insecta,Pterygota,Neoptera,Holometabola,Hymenoptera,Symphyta,NA,Tenthredinoidea,Argidae,NA,NA,NA,NA,NA,NA,NA,NA,NA,2025-11-16T23:24:28Z,success
Argoporis,GBIF,4723743,Genus,Animalia,NA,NA,NA,Arthropoda,NA,NA,Insecta,NA,NA,NA,Coleoptera,NA,NA,NA,Tenebrionidae,NA,NA,NA,Argoporis,NA,NA,NA,NA,NA,2025-11-16T23:24:29Z,success
Argoporis bicolor,GBIF,9795973,Species,Animalia,NA,NA,NA,Arthropoda,NA,NA,Insecta,NA,NA,NA,Coleoptera,NA,NA,NA,Tenebrionidae,NA,NA,NA,Argoporis,NA,Argoporis bicolor,NA,NA,NA,2025-11-16T23:32:56Z,success
Arhyssus,ITIS,108491,Genus,Animalia,Bilateria,Protostomia,Ecdysozoa,Arthropoda,Hexapoda,NA,Insecta,Pterygota,Neoptera,Acercaria,Hemiptera,Heteroptera,Pentatomomorpha,Coreoidea,Rhopalidae,Rhopalinae,Niesthreini,NA,Arhyssus,NA,NA,NA,NA,NA,2025-11-16T23:32:28Z,success
Arthrolips,ITIS,779732,Genus,Animalia,Bilateria,Protostomia,Ecdysozoa,Arthropoda,Hexapoda,NA,Insecta,Pterygota,Neoptera,Holometabola,Coleoptera,Polyphaga,Cucujiformia,Coccinelloidea,Corylophidae,Corylophinae,Parmulini,NA,Arthrolips,NA,NA,NA,NA,NA,2025-11-16T23:24:30Z,success
Asbolus,GBIF,3262152,Genus,Animalia,NA,NA,NA,Arthropoda,NA,NA,Insecta,NA,NA,NA,Coleoptera,NA,NA,NA,Tenebrionidae,NA,NA,NA,Asbolus,NA,NA,NA,NA,NA,2025-11-16T23:24:31Z,success
Asbolus verrucosus,GBIF,9670677,Species,Animalia,NA,NA,NA,Arthropoda,NA,NA,Insecta,NA,NA,NA,Coleoptera,NA,NA,NA,Tenebrionidae,NA,NA,NA,Asbolus,NA,Asbolus verrucosus,NA,NA,NA,2025-11-16T23:33:06Z,success
Asilidae,ITIS,132394,Family,Animalia,Bilateria,Protostomia,Ecdysozoa,Arthropoda,Hexapoda,NA,Insecta,Pterygota,Neoptera,Holometabola,Diptera,Brachycera,Muscomorpha,NA,Asilidae,NA,NA,NA,NA,NA,NA,NA,NA,NA,2025-11-16T23:24:34Z,success
Asteiidae,ITIS,144450,Family,Animalia,Bilateria,Protostomia,Ecdysozoa,Arthropoda,Hexapoda,NA,Insecta,Pterygota,Neoptera,Holometabola,Diptera,Brachycera,Muscomorpha,NA,Asteiidae,NA,NA,NA,NA,NA,NA,NA,NA,NA,2025-11-16T23:24:35Z,success
Ataenius,ITIS,187489,Genus,Animalia,Bilateria,Protostomia,Ecdysozoa,Arthropoda,Hexapoda,NA,Insecta,Pterygota,Neoptera,Holometabola,Coleoptera,Polyphaga,Scarabeiformia,Scarabaeoidea,Scarabaeidae,Aphodiinae,Eupariini,NA,Ataenius,NA,NA,NA,NA,NA,2025-11-16T23:24:36Z,success
Athysanella,GBIF,2046362,Genus,Animalia,NA,NA,NA,Arthropoda,NA,NA,Insecta,NA,NA,NA,Hemiptera,NA,NA,NA,Cicadellidae,NA,NA,NA,Athysanella,NA,NA,NA,NA,NA,2025-11-16T23:24:37Z,success
Atractotomus,ITIS,106354,Genus,Animalia,Bilateria,Protostomia,Ecdysozoa,Arthropoda,Hexapoda,NA,Insecta,Pterygota,Neoptera,Acercaria,Hemiptera,Heteroptera,Cimicomorpha,Miroidea,Miridae,Phylinae,Phylini,NA,Atractotomus,NA,NA,NA,NA,NA,2025-11-16T23:28:46Z,success
Atrazonotus,ITIS,107975,Genus,Animalia,Bilateria,Protostomia,Ecdysozoa,Arthropoda,Hexapoda,NA,Insecta,Pterygota,Neoptera,Acercaria,Hemiptera,Heteroptera,Pentatomomorpha,Lygaeoidea,Rhyparochromidae,Rhyparochrominae,Gonianotini,NA,Atrazonotus,NA,NA,NA,NA,NA,2025-11-16T23:24:38Z,success
Atta mexicana,ITIS,578538,Species,Animalia,Bilateria,Protostomia,Ecdysozoa,Arthropoda,Hexapoda,NA,Insecta,Pterygota,Neoptera,Holometabola,Hymenoptera,Apocrita,Aculeata,Vespoidea,Formicidae,Myrmicinae,Attini,NA,Atta,NA,Atta mexicana,NA,NA,NA,2025-11-16T23:34:00Z,success
Aufeius,ITIS,108481,Genus,Animalia,Bilateria,Protostomia,Ecdysozoa,Arthropoda,Hexapoda,NA,Insecta,Pterygota,Neoptera,Acercaria,Hemiptera,Heteroptera,Pentatomomorpha,Coreoidea,Rhopalidae,Rhopalinae,Harmostini,NA,Aufeius,NA,NA,NA,NA,NA,2025-11-16T23:24:38Z,success
Axinopalpus,ITIS,111703,Genus,Animalia,Bilateria,Protostomia,Ecdysozoa,Arthropoda,Hexapoda,NA,Insecta,Pterygota,Neoptera,Holometabola,Coleoptera,Adephaga,NA,NA,Carabidae,Harpalinae,Lebiini,NA,Axinopalpus,NA,NA,NA,NA,NA,2025-11-16T23:24:40Z,success
Baetidae,ITIS,100755,Family,Animalia,Bilateria,Protostomia,Ecdysozoa,Arthropoda,Hexapoda,NA,Insecta,Pterygota,Palaeoptera,NA,Ephemeroptera,Pisciforma,NA,NA,Baetidae,NA,NA,NA,NA,NA,NA,NA,NA,NA,2025-11-16T23:24:40Z,success
Balclutha,ITIS,200002,Genus,Animalia,Bilateria,Protostomia,Ecdysozoa,Arthropoda,Hexapoda,NA,Insecta,Pterygota,Neoptera,Acercaria,Hemiptera,Auchenorrhyncha,Cicadomorpha,Membracoidea,Cicadellidae,NA,NA,NA,Balclutha,NA,NA,NA,NA,NA,2025-11-16T23:32:34Z,success
Batuliodes,GBIF,4724140,Genus,Animalia,NA,NA,NA,Arthropoda,NA,NA,Insecta,NA,NA,NA,Coleoptera,NA,NA,NA,Tenebrionidae,NA,NA,NA,Batuliodes,NA,NA,NA,NA,NA,2025-11-16T23:24:41Z,success
Bdellidae,ITIS,82755,Family,Animalia,Bilateria,Protostomia,Ecdysozoa,Arthropoda,Chelicerata,NA,Arachnida,NA,NA,Acariformes,Trombidiformes,Prostigmata,Eupodina,Bdelloidea,Bdellidae,NA,NA,NA,NA,NA,NA,NA,NA,NA,2025-11-16T23:32:10Z,success
Bembidion,ITIS,109786,Genus,Animalia,Bilateria,Protostomia,Ecdysozoa,Arthropoda,Hexapoda,NA,Insecta,Pterygota,Neoptera,Holometabola,Coleoptera,Adephaga,NA,NA,Carabidae,Trechinae,Bembidiini,NA,Bembidion,NA,NA,NA,NA,NA,2025-11-16T23:24:42Z,success
Berytidae,ITIS,107642,Family,Animalia,Bilateria,Protostomia,Ecdysozoa,Arthropoda,Hexapoda,NA,Insecta,Pterygota,Neoptera,Acercaria,Hemiptera,Heteroptera,Pentatomomorpha,Lygaeoidea,Berytidae,NA,NA,NA,NA,NA,NA,NA,NA,NA,2025-11-16T23:24:43Z,success
Bethylidae,ITIS,154164,Family,Animalia,Bilateria,Protostomia,Ecdysozoa,Arthropoda,Hexapoda,NA,Insecta,Pterygota,Neoptera,Holometabola,Hymenoptera,Apocrita,Aculeata,Chrysidoidea,Bethylidae,NA,NA,NA,NA,NA,NA,NA,NA,NA,2025-11-16T23:24:44Z,success
Bibiodes,ITIS,121397,Genus,Animalia,Bilateria,Protostomia,Ecdysozoa,Arthropoda,Hexapoda,NA,Insecta,Pterygota,Neoptera,Holometabola,Diptera,Nematocera,Bibionomorpha,NA,Bibionidae,NA,NA,NA,Bibiodes,NA,NA,NA,NA,NA,2025-11-16T23:32:35Z,success
Blapstinus,ITIS,187205,Genus,Animalia,Bilateria,Protostomia,Ecdysozoa,Arthropoda,Hexapoda,NA,Insecta,Pterygota,Neoptera,Holometabola,Coleoptera,Polyphaga,Cucujiformia,Tenebrionoidea,Tenebrionidae,Blaptinae,NA,NA,Blapstinus,NA,NA,NA,NA,NA,2025-11-16T23:24:45Z,success
Blastobasinae,ITIS,694002,Subfamily,Animalia,Bilateria,Protostomia,Ecdysozoa,Arthropoda,Hexapoda,NA,Insecta,Pterygota,Neoptera,Holometabola,Lepidoptera,NA,NA,Gelechioidea,Coleophoridae,Blastobasinae,NA,NA,NA,NA,NA,NA,NA,NA,2025-11-16T23:24:46Z,success
Blastophaga,ITIS,153964,Genus,Animalia,Bilateria,Protostomia,Ecdysozoa,Arthropoda,Hexapoda,NA,Insecta,Pterygota,Neoptera,Holometabola,Hymenoptera,Apocrita,Terebrantes,Chalcidoidea,Agaonidae,NA,NA,NA,Blastophaga,NA,NA,NA,NA,NA,2025-11-16T23:24:46Z,success
Blastophaga psenes,ITIS,153965,Species,Animalia,Bilateria,Protostomia,Ecdysozoa,Arthropoda,Hexapoda,NA,Insecta,Pterygota,Neoptera,Holometabola,Hymenoptera,Apocrita,Terebrantes,Chalcidoidea,Agaonidae,NA,NA,NA,Blastophaga,NA,Blastophaga psenes,NA,NA,NA,2025-11-16T23:29:56Z,success
Blattidae,ITIS,102402,Family,Animalia,Bilateria,Protostomia,Ecdysozoa,Arthropoda,Hexapoda,NA,Insecta,Pterygota,Neoptera,Polyneoptera,Blattodea,NA,NA,Blattoidea,Blattidae,NA,NA,NA,NA,NA,NA,NA,NA,NA,2025-11-16T23:24:47Z,success
Blattodea,ITIS,914219,Order,Animalia,Bilateria,Protostomia,Ecdysozoa,Arthropoda,Hexapoda,NA,Insecta,Pterygota,Neoptera,Polyneoptera,Blattodea,NA,NA,NA,NA,NA,NA,NA,NA,NA,NA,NA,NA,NA,2025-11-16T23:33:38Z,success
Bolteria,ITIS,104768,Genus,Animalia,Bilateria,Protostomia,Ecdysozoa,Arthropoda,Hexapoda,NA,Insecta,Pterygota,Neoptera,Acercaria,Hemiptera,Heteroptera,Cimicomorpha,Miroidea,Miridae,Mirinae,Mirini,NA,Bolteria,NA,NA,NA,NA,NA,2025-11-16T23:24:47Z,success
Bombyliidae,ITIS,134153,Family,Animalia,Bilateria,Protostomia,Ecdysozoa,Arthropoda,Hexapoda,NA,Insecta,Pterygota,Neoptera,Holometabola,Diptera,Brachycera,Muscomorpha,NA,Bombyliidae,NA,NA,NA,NA,NA,NA,NA,NA,NA,2025-11-16T23:24:48Z,success
Brachycera,ITIS,130052,Suborder,Animalia,Bilateria,Protostomia,Ecdysozoa,Arthropoda,Hexapoda,NA,Insecta,Pterygota,Neoptera,Holometabola,Diptera,Brachycera,NA,NA,NA,NA,NA,NA,NA,NA,NA,NA,NA,NA,2025-11-16T23:24:49Z,success
Brachymyrmex,ITIS,573953,Genus,Animalia,Bilateria,Protostomia,Ecdysozoa,Arthropoda,Hexapoda,NA,Insecta,Pterygota,Neoptera,Holometabola,Hymenoptera,Apocrita,Aculeata,Vespoidea,Formicidae,Formicinae,Brachymyrmecini,NA,Brachymyrmex,NA,NA,NA,NA,NA,2025-11-16T23:24:49Z,success
Brachymyrmex depilis,ITIS,575553,Species,Animalia,Bilateria,Protostomia,Ecdysozoa,Arthropoda,Hexapoda,NA,Insecta,Pterygota,Neoptera,Holometabola,Hymenoptera,Apocrita,Aculeata,Vespoidea,Formicidae,Formicinae,Brachymyrmecini,NA,Brachymyrmex,NA,Brachymyrmex depilis,NA,NA,NA,2025-11-16T23:32:40Z,success
Brachymyrmex obscurior,ITIS,575572,Species,Animalia,Bilateria,Protostomia,Ecdysozoa,Arthropoda,Hexapoda,NA,Insecta,Pterygota,Neoptera,Holometabola,Hymenoptera,Apocrita,Aculeata,Vespoidea,Formicidae,Formicinae,Brachymyrmecini,NA,Brachymyrmex,NA,Brachymyrmex obscurior,NA,NA,NA,2025-11-16T23:32:39Z,success
Brachymyrmex patagonicus,ITIS,575574,Species,Animalia,Bilateria,Protostomia,Ecdysozoa,Arthropoda,Hexapoda,NA,Insecta,Pterygota,Neoptera,Holometabola,Hymenoptera,Apocrita,Aculeata,Vespoidea,Formicidae,Formicinae,Brachymyrmecini,NA,Brachymyrmex,NA,Brachymyrmex patagonicus,NA,NA,NA,2025-11-16T23:32:38Z,success
Braconidae,ITIS,152867,Family,Animalia,Bilateria,Protostomia,Ecdysozoa,Arthropoda,Hexapoda,NA,Insecta,Pterygota,Neoptera,Holometabola,Hymenoptera,Apocrita,Terebrantes,Ichneumonoidea,Braconidae,NA,NA,NA,NA,NA,NA,NA,NA,NA,2025-11-16T23:24:50Z,success
Bradynobaenidae,ITIS,709298,Family,Animalia,Bilateria,Protostomia,Ecdysozoa,Arthropoda,Hexapoda,NA,Insecta,Pterygota,Neoptera,Holometabola,Hymenoptera,Apocrita,Aculeata,Vespoidea,Bradynobaenidae,NA,NA,NA,NA,NA,NA,NA,NA,NA,2025-11-16T23:24:51Z,success
Brasiella viridisticta,GBIF,11207106,Species,Animalia,NA,NA,NA,Arthropoda,NA,NA,Insecta,NA,NA,NA,Coleoptera,NA,NA,NA,Carabidae,NA,NA,NA,Brasiella,NA,Brasiella viridisticta,NA,NA,NA,2025-11-16T23:25:59Z,success
Bruchinae,ITIS,678800,Subfamily,Animalia,Bilateria,Protostomia,Ecdysozoa,Arthropoda,Hexapoda,NA,Insecta,Pterygota,Neoptera,Holometabola,Coleoptera,Polyphaga,Cucujiformia,Chrysomeloidea,Chrysomelidae,Bruchinae,NA,NA,NA,NA,NA,NA,NA,NA,2025-11-16T23:24:52Z,success
Buprestidae,ITIS,114968,Family,Animalia,Bilateria,Protostomia,Ecdysozoa,Arthropoda,Hexapoda,NA,Insecta,Pterygota,Neoptera,Holometabola,Coleoptera,Polyphaga,Elateriformia,Buprestoidea,Buprestidae,NA,NA,NA,NA,NA,NA,NA,NA,NA,2025-11-16T23:24:52Z,success
Buthidae,ITIS,82718,Family,Animalia,Bilateria,Protostomia,Ecdysozoa,Arthropoda,Chelicerata,NA,Arachnida,NA,NA,NA,Scorpiones,NA,NA,Buthoidea,Buthidae,NA,NA,NA,NA,NA,NA,NA,NA,NA,2025-11-16T23:24:53Z,success
Caeculidae,ITIS,895681,Family,Animalia,Bilateria,Protostomia,Ecdysozoa,Arthropoda,Chelicerata,NA,Arachnida,NA,NA,Acariformes,Trombidiformes,Prostigmata,Anystina,Caeculoidea,Caeculidae,NA,NA,NA,NA,NA,NA,NA,NA,NA,2025-11-16T23:32:04Z,success
Callilepis,ITIS,185706,Genus,Animalia,Bilateria,Protostomia,Ecdysozoa,Arthropoda,Chelicerata,NA,Arachnida,NA,NA,NA,Araneae,NA,NA,NA,Gnaphosidae,NA,NA,NA,Callilepis,NA,NA,NA,NA,NA,2025-11-16T23:26:55Z,success
Calliphoridae,ITIS,151495,Family,Animalia,Bilateria,Protostomia,Ecdysozoa,Arthropoda,Hexapoda,NA,Insecta,Pterygota,Neoptera,Holometabola,Diptera,Brachycera,Muscomorpha,NA,Calliphoridae,NA,NA,NA,NA,NA,NA,NA,NA,NA,2025-11-16T23:24:55Z,success
Calocoris,ITIS,104785,Genus,Animalia,Bilateria,Protostomia,Ecdysozoa,Arthropoda,Hexapoda,NA,Insecta,Pterygota,Neoptera,Acercaria,Hemiptera,Heteroptera,Cimicomorpha,Miroidea,Miridae,Mirinae,Mirini,NA,Calocoris,NA,NA,NA,NA,NA,2025-11-16T23:24:56Z,success
Calosoma (Camegonia),ITIS,931551,NA,Animalia,Bilateria,Protostomia,Ecdysozoa,Arthropoda,Hexapoda,NA,Insecta,Pterygota,Neoptera,Holometabola,Coleoptera,Adephaga,NA,NA,Carabidae,Carabinae,Carabini,NA,Calosoma,Calosoma (Camegonia),NA,NA,NA,NA,2025-11-16T23:24:57Z,success
Calosoma (Carabosoma),ITIS,931498,NA,Animalia,Bilateria,Protostomia,Ecdysozoa,Arthropoda,Hexapoda,NA,Insecta,Pterygota,Neoptera,Holometabola,Coleoptera,Adephaga,NA,NA,Carabidae,Carabinae,Carabini,NA,Calosoma,Calosoma (Carabosoma),NA,NA,NA,NA,2025-11-16T23:24:57Z,success
Calyptostomatidae,ITIS,895689,Family,Animalia,Bilateria,Protostomia,Ecdysozoa,Arthropoda,Chelicerata,NA,Arachnida,NA,NA,Acariformes,Trombidiformes,Prostigmata,Anystina,Calyptostomatoidea,Calyptostomatidae,NA,NA,NA,NA,NA,NA,NA,NA,NA,2025-11-16T23:32:17Z,success
Camponotus,ITIS,154194,Genus,Animalia,Bilateria,Protostomia,Ecdysozoa,Arthropoda,Hexapoda,NA,Insecta,Pterygota,Neoptera,Holometabola,Hymenoptera,Apocrita,Aculeata,Vespoidea,Formicidae,Formicinae,Camponotini,NA,Camponotus,NA,NA,NA,NA,NA,2025-11-16T23:25:00Z,success
Cantharidae,ITIS,113837,Family,Animalia,Bilateria,Protostomia,Ecdysozoa,Arthropoda,Hexapoda,NA,Insecta,Pterygota,Neoptera,Holometabola,Coleoptera,Polyphaga,Elateriformia,Elateroidea,Cantharidae,NA,NA,NA,NA,NA,NA,NA,NA,NA,2025-11-16T23:32:34Z,success
Caponiidae,ITIS,847712,Family,Animalia,Bilateria,Protostomia,Ecdysozoa,Arthropoda,Chelicerata,NA,Arachnida,NA,NA,NA,Araneae,NA,NA,NA,Caponiidae,NA,NA,NA,NA,NA,NA,NA,NA,NA,2025-11-16T23:25:01Z,success
Carabidae,ITIS,109234,Family,Animalia,Bilateria,Protostomia,Ecdysozoa,Arthropoda,Hexapoda,NA,Insecta,Pterygota,Neoptera,Holometabola,Coleoptera,Adephaga,NA,NA,Carabidae,NA,NA,NA,NA,NA,NA,NA,NA,NA,2025-11-16T23:25:01Z,success
Cardiocondyla,ITIS,574042,Genus,Animalia,Bilateria,Protostomia,Ecdysozoa,Arthropoda,Hexapoda,NA,Insecta,Pterygota,Neoptera,Holometabola,Hymenoptera,Apocrita,Aculeata,Vespoidea,Formicidae,Myrmicinae,Formicoxenini,NA,Cardiocondyla,NA,NA,NA,NA,NA,2025-11-16T23:25:02Z,success
Carneocephala,ITIS,200023,Genus,Animalia,Bilateria,Protostomia,Ecdysozoa,Arthropoda,Hexapoda,NA,Insecta,Pterygota,Neoptera,Acercaria,Hemiptera,Auchenorrhyncha,Cicadomorpha,Membracoidea,Cicadellidae,NA,NA,NA,Carneocephala,NA,NA,NA,NA,NA,2025-11-16T23:24:58Z,success
Carpophilus,ITIS,114293,Genus,Animalia,Bilateria,Protostomia,Ecdysozoa,Arthropoda,Hexapoda,NA,Insecta,Pterygota,Neoptera,Holometabola,Coleoptera,Polyphaga,Cucujiformia,Nitiduloidea,Nitidulidae,Carpophilinae,NA,NA,Carpophilus,NA,NA,NA,NA,NA,2025-11-16T23:25:03Z,success
Catorhintha,ITIS,108381,Genus,Animalia,Bilateria,Protostomia,Ecdysozoa,Arthropoda,Hexapoda,NA,Insecta,Pterygota,Neoptera,Acercaria,Hemiptera,Heteroptera,Pentatomomorpha,Coreoidea,Coreidae,Coreinae,Hypselonotini,NA,Catorhintha,NA,NA,NA,NA,NA,2025-11-16T23:25:05Z,success
Cecidomyiidae,ITIS,122975,Family,Animalia,Bilateria,Protostomia,Ecdysozoa,Arthropoda,Hexapoda,NA,Insecta,Pterygota,Neoptera,Holometabola,Diptera,Nematocera,Bibionomorpha,NA,Cecidomyiidae,NA,NA,NA,NA,NA,NA,NA,NA,NA,2025-11-16T23:25:06Z,success
Centruroides sculpturatus,GBIF,6894244,Species,Animalia,NA,NA,NA,Arthropoda,NA,NA,Arachnida,NA,NA,NA,Scorpiones,NA,NA,NA,Buthidae,NA,NA,NA,Centruroides,NA,Centruroides sculpturatus,NA,NA,NA,2025-11-16T23:33:34Z,success
Cephaloscymnus,ITIS,692174,Genus,Animalia,Bilateria,Protostomia,Ecdysozoa,Arthropoda,Hexapoda,NA,Insecta,Pterygota,Neoptera,Holometabola,Coleoptera,Polyphaga,Cucujiformia,Coccinelloidea,Coccinellidae,Coccinellinae,Cephaloscymnini,NA,Cephaloscymnus,NA,NA,NA,NA,NA,2025-11-16T23:32:24Z,success
Cerambycidae,ITIS,114497,Family,Animalia,Bilateria,Protostomia,Ecdysozoa,Arthropoda,Hexapoda,NA,Insecta,Pterygota,Neoptera,Holometabola,Coleoptera,Polyphaga,Cucujiformia,Chrysomeloidea,Cerambycidae,NA,NA,NA,NA,NA,NA,NA,NA,NA,2025-11-16T23:25:09Z,success
Ceraphronidae,ITIS,154066,Family,Animalia,Bilateria,Protostomia,Ecdysozoa,Arthropoda,Hexapoda,NA,Insecta,Pterygota,Neoptera,Holometabola,Hymenoptera,Apocrita,Terebrantes,Ceraphronoidea,Ceraphronidae,NA,NA,NA,NA,NA,NA,NA,NA,NA,2025-11-16T23:25:09Z,success
Ceratagallia (Aceratagallia),GBIF,4775890,Genus,Animalia,NA,NA,NA,Arthropoda,NA,NA,Insecta,NA,NA,NA,Hemiptera,NA,NA,NA,Cicadellidae,NA,NA,NA,Aceratagallia,NA,NA,NA,NA,NA,2025-11-16T23:23:46Z,success
Ceraticelus,ITIS,848077,Genus,Animalia,Bilateria,Protostomia,Ecdysozoa,Arthropoda,Chelicerata,NA,Arachnida,NA,NA,NA,Araneae,NA,NA,NA,Linyphiidae,NA,NA,NA,Ceraticelus,NA,NA,NA,NA,NA,2025-11-16T23:25:11Z,success
Ceratocapsus,ITIS,105622,Genus,Animalia,Bilateria,Protostomia,Ecdysozoa,Arthropoda,Hexapoda,NA,Insecta,Pterygota,Neoptera,Acercaria,Hemiptera,Heteroptera,Cimicomorpha,Miroidea,Miridae,Orthotylinae,Ceratocapsini,NA,Ceratocapsus,NA,NA,NA,NA,NA,2025-11-16T23:25:10Z,success
Ceratophyllidae,ITIS,152740,Family,Animalia,Bilateria,Protostomia,Ecdysozoa,Arthropoda,Hexapoda,NA,Insecta,Pterygota,Neoptera,Holometabola,Siphonaptera,NA,NA,NA,Ceratophyllidae,NA,NA,NA,NA,NA,NA,NA,NA,NA,2025-11-16T23:30:42Z,success
Ceratopogonidae,ITIS,127076,Family,Animalia,Bilateria,Protostomia,Ecdysozoa,Arthropoda,Hexapoda,NA,Insecta,Pterygota,Neoptera,Holometabola,Diptera,Nematocera,Culicomorpha,NA,Ceratopogonidae,NA,NA,NA,NA,NA,NA,NA,NA,NA,2025-11-16T23:25:12Z,success
Cercopidae,ITIS,109172,Family,Animalia,Bilateria,Protostomia,Ecdysozoa,Arthropoda,Hexapoda,NA,Insecta,Pterygota,Neoptera,Acercaria,Hemiptera,Auchenorrhyncha,Cicadomorpha,Cercopoidea,Cercopidae,NA,NA,NA,NA,NA,NA,NA,NA,NA,2025-11-16T23:25:12Z,success
Ceuthophilus,ITIS,657660,Genus,Animalia,Bilateria,Protostomia,Ecdysozoa,Arthropoda,Hexapoda,NA,Insecta,Pterygota,Neoptera,Polyneoptera,Orthoptera,Ensifera,Tettigoniidea,Stenopelmatoidea,Rhaphidophoridae,Ceuthophilinae,NA,NA,Ceuthophilus,NA,NA,NA,NA,NA,2025-11-16T23:33:37Z,success
Chaetocnema,ITIS,187766,Genus,Animalia,Bilateria,Protostomia,Ecdysozoa,Arthropoda,Hexapoda,NA,Insecta,Pterygota,Neoptera,Holometabola,Coleoptera,Polyphaga,Cucujiformia,Chrysomeloidea,Chrysomelidae,Galerucinae,Alticini,NA,Chaetocnema,NA,NA,NA,NA,NA,2025-11-16T23:25:13Z,success
Chaetophloeus,ITIS,114817,Genus,Animalia,Bilateria,Protostomia,Ecdysozoa,Arthropoda,Hexapoda,NA,Insecta,Pterygota,Neoptera,Holometabola,Coleoptera,Polyphaga,Cucujiformia,Curculionoidea,Curculionidae,Scolytinae,NA,NA,Chaetophloeus,NA,NA,NA,NA,NA,2025-11-16T23:24:24Z,success
Chalcididae,ITIS,154021,Family,Animalia,Bilateria,Protostomia,Ecdysozoa,Arthropoda,Hexapoda,NA,Insecta,Pterygota,Neoptera,Holometabola,Hymenoptera,Apocrita,Terebrantes,Chalcidoidea,Chalcididae,NA,NA,NA,NA,NA,NA,NA,NA,NA,2025-11-16T23:32:06Z,success
Chalcidoidea,ITIS,153658,Superfamily,Animalia,Bilateria,Protostomia,Ecdysozoa,Arthropoda,Hexapoda,NA,Insecta,Pterygota,Neoptera,Holometabola,Hymenoptera,Apocrita,Terebrantes,Chalcidoidea,NA,NA,NA,NA,NA,NA,NA,NA,NA,NA,2025-11-16T23:25:14Z,success
Chamaemyiidae,ITIS,145348,Family,Animalia,Bilateria,Protostomia,Ecdysozoa,Arthropoda,Hexapoda,NA,Insecta,Pterygota,Neoptera,Holometabola,Diptera,Brachycera,Muscomorpha,NA,Chamaemyiidae,NA,NA,NA,NA,NA,NA,NA,NA,NA,2025-11-16T23:25:14Z,success
Charhyphus,GBIF,4714494,Genus,NA,NA,NA,NA,NA,NA,NA,NA,NA,NA,NA,NA,NA,NA,NA,NA,NA,NA,NA,NA,NA,NA,NA,NA,NA,2025-11-16T23:25:16Z,success
Cheiracanthium,ITIS,871868,Genus,Animalia,Bilateria,Protostomia,Ecdysozoa,Arthropoda,Chelicerata,NA,Arachnida,NA,NA,NA,Araneae,NA,NA,NA,Miturgidae,NA,NA,NA,Cheiracanthium,NA,NA,NA,NA,NA,2025-11-16T23:25:17Z,success
Chilopoda,ITIS,154400,Class,Animalia,Bilateria,Protostomia,Ecdysozoa,Arthropoda,Myriapoda,NA,Chilopoda,NA,NA,NA,NA,NA,NA,NA,NA,NA,NA,NA,NA,NA,NA,NA,NA,NA,2025-11-16T23:25:08Z,success
Chironomidae,ITIS,127917,Family,Animalia,Bilateria,Protostomia,Ecdysozoa,Arthropoda,Hexapoda,NA,Insecta,Pterygota,Neoptera,Holometabola,Diptera,Nematocera,Culicomorpha,NA,Chironomidae,NA,NA,NA,NA,NA,NA,NA,NA,NA,2025-11-16T23:25:17Z,success
Chlaenius,ITIS,111436,Genus,Animalia,Bilateria,Protostomia,Ecdysozoa,Arthropoda,Hexapoda,NA,Insecta,Pterygota,Neoptera,Holometabola,Coleoptera,Adephaga,NA,NA,Carabidae,Harpalinae,Chlaeniini,NA,Chlaenius,NA,NA,NA,NA,NA,2025-11-16T23:25:18Z,success
Chlamydatus,ITIS,106384,Genus,Animalia,Bilateria,Protostomia,Ecdysozoa,Arthropoda,Hexapoda,NA,Insecta,Pterygota,Neoptera,Acercaria,Hemiptera,Heteroptera,Cimicomorpha,Miroidea,Miridae,Phylinae,Phylini,NA,Chlamydatus,NA,NA,NA,NA,NA,2025-11-16T23:32:12Z,success
Chloropidae,ITIS,147644,Family,Animalia,Bilateria,Protostomia,Ecdysozoa,Arthropoda,Hexapoda,NA,Insecta,Pterygota,Neoptera,Holometabola,Diptera,Brachycera,Muscomorpha,NA,Chloropidae,NA,NA,NA,NA,NA,NA,NA,NA,NA,2025-11-16T23:25:19Z,success
Chrysididae,ITIS,154152,Family,Animalia,Bilateria,Protostomia,Ecdysozoa,Arthropoda,Hexapoda,NA,Insecta,Pterygota,Neoptera,Holometabola,Hymenoptera,Apocrita,Aculeata,Chrysidoidea,Chrysididae,NA,NA,NA,NA,NA,NA,NA,NA,NA,2025-11-16T23:25:20Z,success
Chrysomelidae,ITIS,114509,Family,Animalia,Bilateria,Protostomia,Ecdysozoa,Arthropoda,Hexapoda,NA,Insecta,Pterygota,Neoptera,Holometabola,Coleoptera,Polyphaga,Cucujiformia,Chrysomeloidea,Chrysomelidae,NA,NA,NA,NA,NA,NA,NA,NA,NA,2025-11-16T23:25:21Z,success
Chrysopidae,ITIS,115081,Family,Animalia,Bilateria,Protostomia,Ecdysozoa,Arthropoda,Hexapoda,NA,Insecta,Pterygota,Neoptera,Holometabola,Neuroptera,Hemerobiiformia,NA,NA,Chrysopidae,NA,NA,NA,NA,NA,NA,NA,NA,NA,2025-11-16T23:25:21Z,success
Chyphotes,GBIF,4673427,Genus,Animalia,NA,NA,NA,Arthropoda,NA,NA,Insecta,NA,NA,NA,Hymenoptera,NA,NA,NA,Chyphotidae,NA,NA,NA,Chyphotes,NA,NA,NA,NA,NA,2025-11-16T23:33:23Z,success
Chyphotidae,GBIF,10197920,Family,Animalia,NA,NA,NA,Arthropoda,NA,NA,Insecta,NA,NA,NA,Hymenoptera,NA,NA,NA,Chyphotidae,NA,NA,NA,NA,NA,NA,NA,NA,NA,2025-11-16T23:33:22Z,success
Cicadellidae,ITIS,109171,Family,Animalia,Bilateria,Protostomia,Ecdysozoa,Arthropoda,Hexapoda,NA,Insecta,Pterygota,Neoptera,Acercaria,Hemiptera,Auchenorrhyncha,Cicadomorpha,Membracoidea,Cicadellidae,NA,NA,NA,NA,NA,NA,NA,NA,NA,2025-11-16T23:25:22Z,success
Cicadidae,ITIS,109169,Family,NA,NA,NA,NA,NA,NA,NA,NA,NA,NA,NA,NA,NA,NA,NA,Cicadidae,NA,NA,NA,NA,NA,NA,NA,NA,NA,2025-11-16T23:32:17Z,success
Cicindela nigrocoerulea,ITIS,697713,Species,Animalia,Bilateria,Protostomia,Ecdysozoa,Arthropoda,Hexapoda,NA,Insecta,Pterygota,Neoptera,Holometabola,Coleoptera,Adephaga,NA,NA,Cicindelidae,NA,Cicindelini,NA,Cicindela,Cicindela (Cicindelidia),Cicindela nigrocoerulea,NA,NA,NA,2025-11-16T23:25:23Z,success
Cicindelinae,ITIS,678853,Subfamily,NA,NA,NA,NA,NA,NA,NA,NA,NA,NA,NA,NA,NA,NA,NA,NA,Cicindelinae,NA,NA,NA,NA,NA,NA,NA,NA,2025-11-16T23:25:23Z,success
Cixiidae,ITIS,109174,Family,Animalia,Bilateria,Protostomia,Ecdysozoa,Arthropoda,Hexapoda,NA,Insecta,Pterygota,Neoptera,Acercaria,Hemiptera,Auchenorrhyncha,Fulgoromorpha,Fulgoroidea,Cixiidae,NA,NA,NA,NA,NA,NA,NA,NA,NA,2025-11-16T23:25:24Z,success
Cleridae,ITIS,113852,Family,Animalia,Bilateria,Protostomia,Ecdysozoa,Arthropoda,Hexapoda,NA,Insecta,Pterygota,Neoptera,Holometabola,Coleoptera,Polyphaga,Cucujiformia,Cleroidea,Cleridae,NA,NA,NA,NA,NA,NA,NA,NA,NA,2025-11-16T23:25:25Z,success
Clitellata,GBIF,255,Class,Animalia,NA,NA,NA,Annelida,NA,NA,Clitellata,NA,NA,NA,NA,NA,NA,NA,NA,NA,NA,NA,NA,NA,NA,NA,NA,NA,2025-11-16T23:29:07Z,success
Clivina,ITIS,109609,Genus,Animalia,Bilateria,Protostomia,Ecdysozoa,Arthropoda,Hexapoda,NA,Insecta,Pterygota,Neoptera,Holometabola,Coleoptera,Adephaga,NA,NA,Carabidae,Scaritinae,Clivinini,NA,Clivina,NA,NA,NA,NA,NA,2025-11-16T23:25:26Z,success
Clubiona,ITIS,871898,Genus,Animalia,Bilateria,Protostomia,Ecdysozoa,Arthropoda,Chelicerata,NA,Arachnida,NA,NA,NA,Araneae,NA,NA,NA,Clubionidae,NA,NA,NA,Clubiona,NA,NA,NA,NA,NA,2025-11-16T23:25:04Z,success
Clubionidae,ITIS,871518,Family,Animalia,Bilateria,Protostomia,Ecdysozoa,Arthropoda,Chelicerata,NA,Arachnida,NA,NA,NA,Araneae,NA,NA,NA,Clubionidae,NA,NA,NA,NA,NA,NA,NA,NA,NA,2025-11-16T23:25:26Z,success
Cnemodus,ITIS,108042,Genus,Animalia,Bilateria,Protostomia,Ecdysozoa,Arthropoda,Hexapoda,NA,Insecta,Pterygota,Neoptera,Acercaria,Hemiptera,Heteroptera,Pentatomomorpha,Lygaeoidea,Rhyparochromidae,Rhyparochrominae,Myodochini,NA,Cnemodus,NA,NA,NA,NA,NA,2025-11-16T23:25:27Z,success
Coccidophilus,ITIS,692171,Genus,Animalia,Bilateria,Protostomia,Ecdysozoa,Arthropoda,Hexapoda,NA,Insecta,Pterygota,Neoptera,Holometabola,Coleoptera,Polyphaga,Cucujiformia,Coccinelloidea,Coccinellidae,Microweiseinae,Microweiseini,NA,Coccidophilus,NA,NA,NA,NA,NA,2025-11-16T23:25:29Z,success
Coccinella,ITIS,114346,Genus,Animalia,Bilateria,Protostomia,Ecdysozoa,Arthropoda,Hexapoda,NA,Insecta,Pterygota,Neoptera,Holometabola,Coleoptera,Polyphaga,Cucujiformia,Coccinelloidea,Coccinellidae,Coccinellinae,Coccinellini,NA,Coccinella,NA,NA,NA,NA,NA,2025-11-16T23:25:28Z,success
Coccinellidae,ITIS,114329,Family,Animalia,Bilateria,Protostomia,Ecdysozoa,Arthropoda,Hexapoda,NA,Insecta,Pterygota,Neoptera,Holometabola,Coleoptera,Polyphaga,Cucujiformia,Coccinelloidea,Coccinellidae,NA,NA,NA,NA,NA,NA,NA,NA,NA,2025-11-16T23:25:28Z,success
Coccoidea,ITIS,109195,Superfamily,NA,NA,NA,NA,NA,NA,NA,NA,NA,NA,NA,NA,NA,NA,Coccoidea,NA,NA,NA,NA,NA,NA,NA,NA,NA,NA,2025-11-16T23:25:30Z,success
Coccotrypes,ITIS,188121,Genus,Animalia,Bilateria,Protostomia,Ecdysozoa,Arthropoda,Hexapoda,NA,Insecta,Pterygota,Neoptera,Holometabola,Coleoptera,Polyphaga,Cucujiformia,Curculionoidea,Curculionidae,Scolytinae,NA,NA,Coccotrypes,NA,NA,NA,NA,NA,2025-11-16T23:25:30Z,success
Coleoptera,ITIS,109216,Order,Animalia,Bilateria,Protostomia,Ecdysozoa,Arthropoda,Hexapoda,NA,Insecta,Pterygota,Neoptera,Holometabola,Coleoptera,NA,NA,NA,NA,NA,NA,NA,NA,NA,NA,NA,NA,NA,2025-11-16T23:25:31Z,success
Coleosoma,ITIS,848132,Genus,Animalia,Bilateria,Protostomia,Ecdysozoa,Arthropoda,Chelicerata,NA,Arachnida,NA,NA,NA,Araneae,NA,NA,NA,Theridiidae,NA,NA,NA,Coleosoma,NA,NA,NA,NA,NA,2025-11-16T23:25:32Z,success
Collembola,ITIS,99237,Order,NA,NA,NA,NA,NA,NA,NA,NA,NA,NA,NA,Collembola,NA,NA,NA,NA,NA,NA,NA,NA,NA,NA,NA,NA,NA,2025-11-16T23:25:33Z,success
Collops,GBIF,4713753,Genus,Animalia,NA,NA,NA,Arthropoda,NA,NA,Insecta,NA,NA,NA,Coleoptera,NA,NA,NA,Melyridae,NA,NA,NA,Collops,NA,NA,NA,NA,NA,2025-11-16T23:25:33Z,success
Condylostylus,ITIS,136835,Genus,Animalia,Bilateria,Protostomia,Ecdysozoa,Arthropoda,Hexapoda,NA,Insecta,Pterygota,Neoptera,Holometabola,Diptera,Brachycera,Muscomorpha,NA,Dolichopodidae,Sciapodinae,NA,NA,Condylostylus,NA,NA,NA,NA,NA,2025-11-16T23:25:34Z,success
Coniatus,GBIF,1217242,Genus,Animalia,NA,NA,NA,Arthropoda,NA,NA,Insecta,NA,NA,NA,Coleoptera,NA,NA,NA,Curculionidae,NA,NA,NA,Coniatus,NA,NA,NA,NA,NA,2025-11-16T23:25:37Z,success
Conibius,GBIF,4722182,NA,Animalia,NA,NA,NA,Arthropoda,NA,NA,Insecta,NA,NA,NA,Coleoptera,NA,NA,NA,Tenebrionidae,NA,NA,NA,Conibius,NA,NA,NA,NA,NA,2025-11-16T23:25:35Z,success
Coniopterygidae,ITIS,115075,Family,Animalia,Bilateria,Protostomia,Ecdysozoa,Arthropoda,Hexapoda,NA,Insecta,Pterygota,Neoptera,Holometabola,Neuroptera,Hemerobiiformia,NA,NA,Coniopterygidae,NA,NA,NA,NA,NA,NA,NA,NA,NA,2025-11-16T23:25:42Z,success
Conoderus,ITIS,113885,Genus,Animalia,Bilateria,Protostomia,Ecdysozoa,Arthropoda,Hexapoda,NA,Insecta,Pterygota,Neoptera,Holometabola,Coleoptera,Polyphaga,Elateriformia,Elateroidea,Elateridae,NA,NA,NA,Conoderus,NA,NA,NA,NA,NA,2025-11-16T23:25:38Z,success
Cononotus,GBIF,4720613,Genus,Animalia,NA,NA,NA,Arthropoda,NA,NA,Insecta,NA,NA,NA,Coleoptera,NA,NA,NA,Pyrochroidae,NA,NA,NA,Cononotus,NA,NA,NA,NA,NA,2025-11-16T23:25:39Z,success
Copepoda,ITIS,85257,Subclass,Animalia,Bilateria,Protostomia,Ecdysozoa,Arthropoda,Crustacea,Altocrustacea,Copepoda,NA,NA,NA,NA,NA,NA,NA,NA,NA,NA,NA,NA,NA,NA,NA,NA,NA,2025-11-16T23:25:40Z,success
Coproporus,GBIF,4406328,Genus,Animalia,NA,NA,NA,Arthropoda,NA,NA,Insecta,NA,NA,NA,Coleoptera,NA,NA,NA,Staphylinidae,NA,NA,NA,Coproporus,NA,NA,NA,NA,NA,2025-11-16T23:25:41Z,success
Coquilettia,GBIF,9374221,Genus,Animalia,NA,NA,NA,Arthropoda,NA,NA,Insecta,NA,NA,NA,Hemiptera,NA,NA,NA,Miridae,NA,NA,NA,Coquillettia,NA,NA,NA,NA,NA,2025-11-16T23:33:59Z,success
Coreidae,ITIS,108313,Family,Animalia,Bilateria,Protostomia,Ecdysozoa,Arthropoda,Hexapoda,NA,Insecta,Pterygota,Neoptera,Acercaria,Hemiptera,Heteroptera,Pentatomomorpha,Coreoidea,Coreidae,NA,NA,NA,NA,NA,NA,NA,NA,NA,2025-11-16T23:25:41Z,success
Corylophidae,ITIS,114328,Family,Animalia,Bilateria,Protostomia,Ecdysozoa,Arthropoda,Hexapoda,NA,Insecta,Pterygota,Neoptera,Holometabola,Coleoptera,Polyphaga,Cucujiformia,Coccinelloidea,Corylophidae,NA,NA,NA,NA,NA,NA,NA,NA,NA,2025-11-16T23:25:43Z,success
Corythaica,ITIS,104208,Genus,Animalia,Bilateria,Protostomia,Ecdysozoa,Arthropoda,Hexapoda,NA,Insecta,Pterygota,Neoptera,Acercaria,Hemiptera,Heteroptera,Cimicomorpha,Miroidea,Tingidae,Tinginae,Tingini,NA,Corythaica,NA,NA,NA,NA,NA,2025-11-16T23:25:48Z,success
Corythalia,ITIS,871932,Genus,Animalia,Bilateria,Protostomia,Ecdysozoa,Arthropoda,Chelicerata,NA,Arachnida,NA,NA,NA,Araneae,NA,NA,NA,Salticidae,NA,NA,NA,Corythalia,NA,NA,NA,NA,NA,2025-11-16T23:25:44Z,success
Corythucha,ITIS,104215,Genus,Animalia,Bilateria,Protostomia,Ecdysozoa,Arthropoda,Hexapoda,NA,Insecta,Pterygota,Neoptera,Acercaria,Hemiptera,Heteroptera,Cimicomorpha,Miroidea,Tingidae,Tinginae,Tingini,NA,Corythucha,NA,NA,NA,NA,NA,2025-11-16T23:25:43Z,success
Crabronidae,ITIS,709291,Family,Animalia,Bilateria,Protostomia,Ecdysozoa,Arthropoda,Hexapoda,NA,Insecta,Pterygota,Neoptera,Holometabola,Hymenoptera,Apocrita,Aculeata,Apoidea,Crabronidae,NA,NA,NA,NA,NA,NA,NA,NA,NA,2025-11-16T23:33:10Z,success
Crematogaster,ITIS,574052,Genus,Animalia,Bilateria,Protostomia,Ecdysozoa,Arthropoda,Hexapoda,NA,Insecta,Pterygota,Neoptera,Holometabola,Hymenoptera,Apocrita,Aculeata,Vespoidea,Formicidae,Myrmicinae,Crematogastrini,NA,Crematogaster,NA,NA,NA,NA,NA,2025-11-16T23:25:45Z,success
Criocoris,ITIS,106415,Genus,Animalia,Bilateria,Protostomia,Ecdysozoa,Arthropoda,Hexapoda,NA,Insecta,Pterygota,Neoptera,Acercaria,Hemiptera,Heteroptera,Cimicomorpha,Miroidea,Miridae,Phylinae,Phylini,NA,Criocoris,NA,NA,NA,NA,NA,2025-11-16T23:25:46Z,success
Cryptocephalinae,ITIS,678807,Subfamily,Animalia,Bilateria,Protostomia,Ecdysozoa,Arthropoda,Hexapoda,NA,Insecta,Pterygota,Neoptera,Holometabola,Coleoptera,Polyphaga,Cucujiformia,Chrysomeloidea,Chrysomelidae,Cryptocephalinae,NA,NA,NA,NA,NA,NA,NA,NA,2025-11-16T23:33:43Z,success
Cryptoglossa,GBIF,4578225,Genus,Animalia,NA,NA,NA,Arthropoda,NA,NA,Insecta,NA,NA,NA,Coleoptera,NA,NA,NA,Tenebrionidae,NA,NA,NA,Cryptoglossa,NA,NA,NA,NA,NA,2025-11-16T23:25:07Z,success
Cryptoglossa muricata,GBIF,9699773,Species,Animalia,NA,NA,NA,Arthropoda,NA,NA,Insecta,NA,NA,NA,Coleoptera,NA,NA,NA,Tenebrionidae,NA,NA,NA,Cryptoglossa,NA,Cryptoglossa muricata,NA,NA,NA,2025-11-16T23:28:43Z,success
Cryptoglossa variolosa,GBIF,9680567,Species,Animalia,NA,NA,NA,Arthropoda,NA,NA,Insecta,NA,NA,NA,Coleoptera,NA,NA,NA,Tenebrionidae,NA,NA,NA,Cryptoglossa,NA,Cryptoglossa variolosa,NA,NA,NA,2025-11-16T23:33:16Z,success
Cryptolestes,ITIS,114308,Genus,Animalia,Bilateria,Protostomia,Ecdysozoa,Arthropoda,Hexapoda,NA,Insecta,Pterygota,Neoptera,Holometabola,Coleoptera,Polyphaga,Cucujiformia,Cucujoidea,Laemophloeidae,NA,NA,NA,Cryptolestes,NA,NA,NA,NA,NA,2025-11-16T23:32:53Z,success
Cryptophagidae,ITIS,114314,Family,Animalia,Bilateria,Protostomia,Ecdysozoa,Arthropoda,Hexapoda,NA,Insecta,Pterygota,Neoptera,Holometabola,Coleoptera,Polyphaga,Cucujiformia,Cucujoidea,Cryptophagidae,NA,NA,NA,NA,NA,NA,NA,NA,NA,2025-11-16T23:25:46Z,success
Cryptophagus,ITIS,114315,Genus,Animalia,Bilateria,Protostomia,Ecdysozoa,Arthropoda,Hexapoda,NA,Insecta,Pterygota,Neoptera,Holometabola,Coleoptera,Polyphaga,Cucujiformia,Cucujoidea,Cryptophagidae,Cryptophaginae,Cryptophagini,NA,Cryptophagus,NA,NA,NA,NA,NA,2025-11-16T23:25:47Z,success
Ctenisis,ITIS,690914,Genus,Animalia,Bilateria,Protostomia,Ecdysozoa,Arthropoda,Hexapoda,NA,Insecta,Pterygota,Neoptera,Holometabola,Coleoptera,Polyphaga,Staphyliniformia,Staphylinoidea,Staphylinidae,Pselaphinae,NA,NA,Ctenisis,NA,NA,NA,NA,NA,2025-11-16T23:25:49Z,success
Ctenizidae,ITIS,847713,Family,Animalia,Bilateria,Protostomia,Ecdysozoa,Arthropoda,Chelicerata,NA,Arachnida,NA,NA,NA,Araneae,NA,NA,NA,Ctenizidae,NA,NA,NA,NA,NA,NA,NA,NA,NA,2025-11-16T23:25:49Z,success
Cucujidae,ITIS,114303,Family,Animalia,Bilateria,Protostomia,Ecdysozoa,Arthropoda,Hexapoda,NA,Insecta,Pterygota,Neoptera,Holometabola,Coleoptera,Polyphaga,Cucujiformia,Cucujoidea,Cucujidae,NA,NA,NA,NA,NA,NA,NA,NA,NA,2025-11-16T23:25:50Z,success
Culicidae,ITIS,125930,Family,Animalia,Bilateria,Protostomia,Ecdysozoa,Arthropoda,Hexapoda,NA,Insecta,Pterygota,Neoptera,Holometabola,Diptera,Nematocera,Culicomorpha,NA,Culicidae,NA,NA,NA,NA,NA,NA,NA,NA,NA,2025-11-16T23:32:16Z,success
Curculionidae,ITIS,114666,Family,Animalia,Bilateria,Protostomia,Ecdysozoa,Arthropoda,Hexapoda,NA,Insecta,Pterygota,Neoptera,Holometabola,Coleoptera,Polyphaga,Cucujiformia,Curculionoidea,Curculionidae,NA,NA,NA,NA,NA,NA,NA,NA,NA,2025-11-16T23:25:51Z,success
Cyclocephala,ITIS,926564,Genus,Animalia,Bilateria,Protostomia,Ecdysozoa,Arthropoda,Hexapoda,NA,Insecta,Pterygota,Neoptera,Holometabola,Coleoptera,Polyphaga,Scarabeiformia,Scarabaeoidea,Scarabaeidae,Dynastinae,Cyclocephalini,NA,Cyclocephala,NA,NA,NA,NA,NA,2025-11-16T23:25:52Z,success
Cydnidae,ITIS,108550,Family,Animalia,Bilateria,Protostomia,Ecdysozoa,Arthropoda,Hexapoda,NA,Insecta,Pterygota,Neoptera,Acercaria,Hemiptera,Heteroptera,Pentatomomorpha,Pentatomoidea,Cydnidae,NA,NA,NA,NA,NA,NA,NA,NA,NA,2025-11-16T23:25:52Z,success
Cymindis (Pinacodera),ITIS,111572,Genus,NA,NA,NA,NA,NA,NA,NA,NA,NA,NA,NA,NA,NA,NA,NA,NA,NA,NA,NA,Pinacodera,NA,NA,NA,NA,NA,2025-11-16T23:29:40Z,success
Cynipidae,ITIS,154031,Family,Animalia,Bilateria,Protostomia,Ecdysozoa,Arthropoda,Hexapoda,NA,Insecta,Pterygota,Neoptera,Holometabola,Hymenoptera,Apocrita,Terebrantes,Cynipoidea,Cynipidae,NA,NA,NA,NA,NA,NA,NA,NA,NA,2025-11-16T23:25:59Z,success
Cyphomyrmex,ITIS,573900,Genus,Animalia,Bilateria,Protostomia,Ecdysozoa,Arthropoda,Hexapoda,NA,Insecta,Pterygota,Neoptera,Holometabola,Hymenoptera,Apocrita,Aculeata,Vespoidea,Formicidae,Myrmicinae,Attini,NA,Cyphomyrmex,NA,NA,NA,NA,NA,2025-11-16T23:26:00Z,success
Cyphomyrmex flavidus,ITIS,574369,Species,Animalia,Bilateria,Protostomia,Ecdysozoa,Arthropoda,Hexapoda,NA,Insecta,Pterygota,Neoptera,Holometabola,Hymenoptera,Apocrita,Aculeata,Vespoidea,Formicidae,Myrmicinae,Attini,NA,Cyphomyrmex,NA,Cyphomyrmex flavidus,NA,NA,NA,2025-11-16T23:33:12Z,success
Cyphomyrmex wheeleri,ITIS,574394,Species,Animalia,Bilateria,Protostomia,Ecdysozoa,Arthropoda,Hexapoda,NA,Insecta,Pterygota,Neoptera,Holometabola,Hymenoptera,Apocrita,Aculeata,Vespoidea,Formicidae,Myrmicinae,Attini,NA,Cyphomyrmex,NA,Cyphomyrmex wheeleri,NA,NA,NA,2025-11-16T23:33:18Z,success
Cyphophthalmi,ITIS,1012396,Suborder,Animalia,Bilateria,Protostomia,Ecdysozoa,Arthropoda,Chelicerata,NA,Arachnida,NA,NA,NA,Opiliones,Cyphophthalmi,NA,NA,NA,NA,NA,NA,NA,NA,NA,NA,NA,NA,2025-11-16T23:26:01Z,success
Cyrtopeltis,ITIS,104429,Genus,Animalia,Bilateria,Protostomia,Ecdysozoa,Arthropoda,Hexapoda,NA,Insecta,Pterygota,Neoptera,Acercaria,Hemiptera,Heteroptera,Cimicomorpha,Miroidea,Miridae,Bryocorinae,Dicyphini,NA,Cyrtopeltis,NA,NA,NA,NA,NA,2025-11-16T23:26:01Z,success
Dacoderus,ITIS,708219,Genus,Animalia,Bilateria,Protostomia,Ecdysozoa,Arthropoda,Hexapoda,NA,Insecta,Pterygota,Neoptera,Holometabola,Coleoptera,Polyphaga,Cucujiformia,Tenebrionoidea,Salpingidae,Dacoderinae,NA,NA,Dacoderus,NA,NA,NA,NA,NA,2025-11-16T23:26:02Z,success
Dasymutilla,ITIS,154182,Genus,Animalia,Bilateria,Protostomia,Ecdysozoa,Arthropoda,Hexapoda,NA,Insecta,Pterygota,Neoptera,Holometabola,Hymenoptera,Apocrita,Aculeata,Vespoidea,Mutillidae,NA,NA,NA,Dasymutilla,NA,NA,NA,NA,NA,2025-11-16T23:32:49Z,success
Davisonia,GBIF,2039378,Genus,Animalia,NA,NA,NA,Arthropoda,NA,NA,Insecta,NA,NA,NA,Hemiptera,NA,NA,NA,Cicadellidae,NA,NA,NA,Davisonia,NA,NA,NA,NA,NA,2025-11-16T23:26:03Z,success
Delphacidae,ITIS,109175,Family,Animalia,Bilateria,Protostomia,Ecdysozoa,Arthropoda,Hexapoda,NA,Insecta,Pterygota,Neoptera,Acercaria,Hemiptera,Auchenorrhyncha,Fulgoromorpha,Fulgoroidea,Delphacidae,NA,NA,NA,NA,NA,NA,NA,NA,NA,2025-11-16T23:26:04Z,success
Deltocephalus,ITIS,200027,Genus,Animalia,Bilateria,Protostomia,Ecdysozoa,Arthropoda,Hexapoda,NA,Insecta,Pterygota,Neoptera,Acercaria,Hemiptera,Auchenorrhyncha,Cicadomorpha,Membracoidea,Cicadellidae,NA,NA,NA,Deltocephalus,NA,NA,NA,NA,NA,2025-11-16T23:26:05Z,success
Dermaptera,ITIS,102451,Order,Animalia,Bilateria,Protostomia,Ecdysozoa,Arthropoda,Hexapoda,NA,Insecta,Pterygota,Neoptera,Polyneoptera,Dermaptera,NA,NA,NA,NA,NA,NA,NA,NA,NA,NA,NA,NA,NA,2025-11-16T23:26:06Z,success
Dermestes,ITIS,114977,Genus,Animalia,Bilateria,Protostomia,Ecdysozoa,Arthropoda,Hexapoda,NA,Insecta,Pterygota,Neoptera,Holometabola,Coleoptera,Polyphaga,Bostrichiformia,Bostrichoidea,Dermestidae,Dermestinae,Dermestini,NA,Dermestes,NA,NA,NA,NA,NA,2025-11-16T23:26:05Z,success
Dermestidae,ITIS,114976,Family,Animalia,Bilateria,Protostomia,Ecdysozoa,Arthropoda,Hexapoda,NA,Insecta,Pterygota,Neoptera,Holometabola,Coleoptera,Polyphaga,Bostrichiformia,Bostrichoidea,Dermestidae,NA,NA,NA,NA,NA,NA,NA,NA,NA,2025-11-16T23:26:07Z,success
Derobrachus,ITIS,701822,Genus,Animalia,Bilateria,Protostomia,Ecdysozoa,Arthropoda,Hexapoda,NA,Insecta,Pterygota,Neoptera,Holometabola,Coleoptera,Polyphaga,Cucujiformia,Chrysomeloidea,Cerambycidae,Prioninae,Prionini,NA,Derobrachus,NA,NA,NA,NA,NA,2025-11-16T23:26:07Z,success
Derobrachus geminatus,ITIS,702666,Species,Animalia,Bilateria,Protostomia,Ecdysozoa,Arthropoda,Hexapoda,NA,Insecta,Pterygota,Neoptera,Holometabola,Coleoptera,Polyphaga,Cucujiformia,Chrysomeloidea,Cerambycidae,Prioninae,Prionini,NA,Derobrachus,NA,Derobrachus geminatus,NA,NA,NA,2025-11-16T23:33:00Z,success
Desmometopa,ITIS,144520,Genus,Animalia,Bilateria,Protostomia,Ecdysozoa,Arthropoda,Hexapoda,NA,Insecta,Pterygota,Neoptera,Holometabola,Diptera,Brachycera,Muscomorpha,NA,Milichiidae,Madizinae,NA,NA,Desmometopa,NA,NA,NA,NA,NA,2025-11-16T23:26:09Z,success
Diapriidae,ITIS,154067,Family,Animalia,Bilateria,Protostomia,Ecdysozoa,Arthropoda,Hexapoda,NA,Insecta,Pterygota,Neoptera,Holometabola,Hymenoptera,Apocrita,Terebrantes,Proctotrupoidea,Diapriidae,NA,NA,NA,NA,NA,NA,NA,NA,NA,2025-11-16T23:26:09Z,success
Dictyna,ITIS,872000,Genus,Animalia,Bilateria,Protostomia,Ecdysozoa,Arthropoda,Chelicerata,NA,Arachnida,NA,NA,NA,Araneae,NA,NA,NA,Dictynidae,NA,NA,NA,Dictyna,NA,NA,NA,NA,NA,2025-11-16T23:26:11Z,success
Dictynidae,ITIS,871524,Family,Animalia,Bilateria,Protostomia,Ecdysozoa,Arthropoda,Chelicerata,NA,Arachnida,NA,NA,NA,Araneae,NA,NA,NA,Dictynidae,NA,NA,NA,NA,NA,NA,NA,NA,NA,2025-11-16T23:26:10Z,success
Diplopoda,ITIS,154409,Class,Animalia,Bilateria,Protostomia,Ecdysozoa,Arthropoda,Myriapoda,NA,Diplopoda,NA,NA,NA,NA,NA,NA,NA,NA,NA,NA,NA,NA,NA,NA,NA,NA,NA,2025-11-16T23:32:47Z,success
Diplotaxis,ITIS,23116,Genus,Plantae,Viridiplantae,Streptophyta,NA,NA,NA,NA,Magnoliopsida,NA,NA,Rosanae,Brassicales,NA,NA,NA,Brassicaceae,NA,NA,NA,Diplotaxis,NA,NA,NA,NA,NA,2025-11-16T23:27:30Z,success
Dipoena,ITIS,848239,Genus,Animalia,Bilateria,Protostomia,Ecdysozoa,Arthropoda,Chelicerata,NA,Arachnida,NA,NA,NA,Araneae,NA,NA,NA,Theridiidae,NA,NA,NA,Dipoena,NA,NA,NA,NA,NA,2025-11-16T23:26:12Z,success
Diptera,ITIS,118831,Order,Animalia,Bilateria,Protostomia,Ecdysozoa,Arthropoda,Hexapoda,NA,Insecta,Pterygota,Neoptera,Holometabola,Diptera,NA,NA,NA,NA,NA,NA,NA,NA,NA,NA,NA,NA,NA,2025-11-16T23:26:13Z,success
Discoderus,ITIS,111369,Genus,Animalia,Bilateria,Protostomia,Ecdysozoa,Arthropoda,Hexapoda,NA,Insecta,Pterygota,Neoptera,Holometabola,Coleoptera,Adephaga,NA,NA,Carabidae,Harpalinae,Harpalini,NA,Discoderus,NA,NA,NA,NA,NA,2025-11-16T23:26:14Z,success
Dolichopodidae,ITIS,136824,Family,Animalia,Bilateria,Protostomia,Ecdysozoa,Arthropoda,Hexapoda,NA,Insecta,Pterygota,Neoptera,Holometabola,Diptera,Brachycera,Muscomorpha,NA,Dolichopodidae,NA,NA,NA,NA,NA,NA,NA,NA,NA,2025-11-16T23:26:14Z,success
Dorymyrmex,ITIS,573919,Genus,Animalia,Bilateria,Protostomia,Ecdysozoa,Arthropoda,Hexapoda,NA,Insecta,Pterygota,Neoptera,Holometabola,Hymenoptera,Apocrita,Aculeata,Vespoidea,Formicidae,Dolichoderinae,NA,NA,Dorymyrmex,NA,NA,NA,NA,NA,2025-11-16T23:26:15Z,success
Dorymyrmex bicolor,ITIS,574892,Species,Animalia,Bilateria,Protostomia,Ecdysozoa,Arthropoda,Hexapoda,NA,Insecta,Pterygota,Neoptera,Holometabola,Hymenoptera,Apocrita,Aculeata,Vespoidea,Formicidae,Dolichoderinae,NA,NA,Dorymyrmex,NA,Dorymyrmex bicolor,NA,NA,NA,2025-11-16T23:24:44Z,success
Dorymyrmex insanus,ITIS,574918,Species,Animalia,Bilateria,Protostomia,Ecdysozoa,Arthropoda,Hexapoda,NA,Insecta,Pterygota,Neoptera,Holometabola,Hymenoptera,Apocrita,Aculeata,Vespoidea,Formicidae,Dolichoderinae,NA,NA,Dorymyrmex,NA,Dorymyrmex insanus,NA,NA,NA,2025-11-16T23:27:31Z,success
Drapetis,ITIS,136573,Genus,Animalia,Bilateria,Protostomia,Ecdysozoa,Arthropoda,Hexapoda,NA,Insecta,Pterygota,Neoptera,Holometabola,Diptera,Brachycera,Muscomorpha,NA,Hybotidae,Tachydromiinae,NA,NA,Drapetis,NA,NA,NA,NA,NA,2025-11-16T23:26:16Z,success
Drassodes,ITIS,185659,Genus,Animalia,Bilateria,Protostomia,Ecdysozoa,Arthropoda,Chelicerata,NA,Arachnida,NA,NA,NA,Araneae,NA,NA,NA,Gnaphosidae,NA,NA,NA,Drassodes,NA,NA,NA,NA,NA,2025-11-16T23:26:17Z,success
Drassyllus,ITIS,185620,Genus,Animalia,Bilateria,Protostomia,Ecdysozoa,Arthropoda,Chelicerata,NA,Arachnida,NA,NA,NA,Araneae,NA,NA,NA,Gnaphosidae,NA,NA,NA,Drassyllus,NA,NA,NA,NA,NA,2025-11-16T23:26:17Z,success
Drosophilidae,ITIS,146185,Family,Animalia,Bilateria,Protostomia,Ecdysozoa,Arthropoda,Hexapoda,NA,Insecta,Pterygota,Neoptera,Holometabola,Diptera,Brachycera,Muscomorpha,NA,Drosophilidae,NA,NA,NA,NA,NA,NA,NA,NA,NA,2025-11-16T23:26:18Z,success
Dryinidae,ITIS,154167,Family,Animalia,Bilateria,Protostomia,Ecdysozoa,Arthropoda,Hexapoda,NA,Insecta,Pterygota,Neoptera,Holometabola,Hymenoptera,Apocrita,Aculeata,Chrysidoidea,Dryinidae,NA,NA,NA,NA,NA,NA,NA,NA,NA,2025-11-16T23:26:19Z,success
Dyscinetus,ITIS,926581,Genus,Animalia,Bilateria,Protostomia,Ecdysozoa,Arthropoda,Hexapoda,NA,Insecta,Pterygota,Neoptera,Holometabola,Coleoptera,Polyphaga,Scarabeiformia,Scarabaeoidea,Scarabaeidae,Dynastinae,Cyclocephalini,NA,Dyscinetus,NA,NA,NA,NA,NA,2025-11-16T23:26:20Z,success
Ebo,ITIS,872028,Genus,Animalia,Bilateria,Protostomia,Ecdysozoa,Arthropoda,Chelicerata,NA,Arachnida,NA,NA,NA,Araneae,NA,NA,NA,Philodromidae,NA,NA,NA,Ebo,NA,NA,NA,NA,NA,2025-11-16T23:26:20Z,success
Ectyphinae,ITIS,132209,Subfamily,Animalia,Bilateria,Protostomia,Ecdysozoa,Arthropoda,Hexapoda,NA,Insecta,Pterygota,Neoptera,Holometabola,Diptera,Brachycera,Muscomorpha,NA,Mydidae,Ectyphinae,NA,NA,NA,NA,NA,NA,NA,NA,2025-11-16T23:29:13Z,success
Efferia,ITIS,133505,Genus,Animalia,Bilateria,Protostomia,Ecdysozoa,Arthropoda,Hexapoda,NA,Insecta,Pterygota,Neoptera,Holometabola,Diptera,Brachycera,Muscomorpha,NA,Asilidae,Asilinae,Asilini,NA,Efferia,NA,NA,NA,NA,NA,2025-11-16T23:26:21Z,success
Eidmannella,ITIS,848279,Genus,Animalia,Bilateria,Protostomia,Ecdysozoa,Arthropoda,Chelicerata,NA,Arachnida,NA,NA,NA,Araneae,NA,NA,NA,Nesticidae,NA,NA,NA,Eidmannella,NA,NA,NA,NA,NA,2025-11-16T23:26:22Z,success
Elachistidae,ITIS,118721,Family,Animalia,Bilateria,Protostomia,Ecdysozoa,Arthropoda,Hexapoda,NA,Insecta,Pterygota,Neoptera,Holometabola,Lepidoptera,NA,NA,Gelechioidea,Elachistidae,NA,NA,NA,NA,NA,NA,NA,NA,NA,2025-11-16T23:26:23Z,success
Elateridae,ITIS,113879,Family,Animalia,Bilateria,Protostomia,Ecdysozoa,Arthropoda,Hexapoda,NA,Insecta,Pterygota,Neoptera,Holometabola,Coleoptera,Polyphaga,Elateriformia,Elateroidea,Elateridae,NA,NA,NA,NA,NA,NA,NA,NA,NA,2025-11-16T23:33:27Z,success
Eleodes,GBIF,4724278,Genus,Animalia,NA,NA,NA,Arthropoda,NA,NA,Insecta,NA,NA,NA,Coleoptera,NA,NA,NA,Tenebrionidae,NA,NA,NA,Eleodes,NA,NA,NA,NA,NA,2025-11-16T23:26:24Z,success
Eleodes armata,GBIF,9451988,Species,Animalia,NA,NA,NA,Arthropoda,NA,NA,Insecta,NA,NA,NA,Coleoptera,NA,NA,NA,Tenebrionidae,NA,NA,NA,Eleodes,NA,Eleodes armata,NA,NA,NA,2025-11-16T23:26:25Z,success
Eleodes carbonaria,GBIF,8887207,Species,Animalia,NA,NA,NA,Arthropoda,NA,NA,Insecta,NA,NA,NA,Coleoptera,NA,NA,NA,Tenebrionidae,NA,NA,NA,Eleodes,NA,Eleodes carbonaria,NA,NA,NA,2025-11-16T23:33:46Z,success
Eleodes longicollis,GBIF,9765778,Species,Animalia,NA,NA,NA,Arthropoda,NA,NA,Insecta,NA,NA,NA,Coleoptera,NA,NA,NA,Tenebrionidae,NA,NA,NA,Eleodes,NA,Eleodes longicollis,NA,NA,NA,2025-11-16T23:26:26Z,success
Embioptera,ITIS,102463,Order,Animalia,Bilateria,Protostomia,Ecdysozoa,Arthropoda,Hexapoda,NA,Insecta,Pterygota,Neoptera,Polyneoptera,Embioptera,NA,NA,NA,NA,NA,NA,NA,NA,NA,NA,NA,NA,NA,2025-11-16T23:26:27Z,success
Emblethis,ITIS,107983,Genus,Animalia,Bilateria,Protostomia,Ecdysozoa,Arthropoda,Hexapoda,NA,Insecta,Pterygota,Neoptera,Acercaria,Hemiptera,Heteroptera,Pentatomomorpha,Lygaeoidea,Rhyparochromidae,Rhyparochrominae,Gonianotini,NA,Emblethis,NA,NA,NA,NA,NA,2025-11-16T23:26:28Z,success
Empicoris,ITIS,107285,Genus,Animalia,Bilateria,Protostomia,Ecdysozoa,Arthropoda,Hexapoda,NA,Insecta,Pterygota,Neoptera,Acercaria,Hemiptera,Heteroptera,Cimicomorpha,Reduvoidea,Reduviidae,Emesinae,Ploiariolini,NA,Empicoris,NA,NA,NA,NA,NA,2025-11-16T23:32:43Z,success
Empididae,ITIS,135830,Family,Animalia,Bilateria,Protostomia,Ecdysozoa,Arthropoda,Hexapoda,NA,Insecta,Pterygota,Neoptera,Holometabola,Diptera,Brachycera,Muscomorpha,NA,Empididae,NA,NA,NA,NA,NA,NA,NA,NA,NA,2025-11-16T23:26:29Z,success
Empoasca,ITIS,200032,Genus,Animalia,Bilateria,Protostomia,Ecdysozoa,Arthropoda,Hexapoda,NA,Insecta,Pterygota,Neoptera,Acercaria,Hemiptera,Auchenorrhyncha,Cicadomorpha,Membracoidea,Cicadellidae,NA,NA,NA,Empoasca,NA,NA,NA,NA,NA,2025-11-16T23:26:29Z,success
Encyrtidae,ITIS,153945,Family,Animalia,Bilateria,Protostomia,Ecdysozoa,Arthropoda,Hexapoda,NA,Insecta,Pterygota,Neoptera,Holometabola,Hymenoptera,Apocrita,Terebrantes,Chalcidoidea,Encyrtidae,NA,NA,NA,NA,NA,NA,NA,NA,NA,2025-11-16T23:26:30Z,success
Enicocephalidae,ITIS,103998,Family,Animalia,Bilateria,Protostomia,Ecdysozoa,Arthropoda,Hexapoda,NA,Insecta,Pterygota,Neoptera,Acercaria,Hemiptera,Heteroptera,Enicocephalomorpha,Enicocephaloidea,Enicocephalidae,NA,NA,NA,NA,NA,NA,NA,NA,NA,2025-11-16T23:26:31Z,success
Enoplognatha,ITIS,848292,Genus,Animalia,Bilateria,Protostomia,Ecdysozoa,Arthropoda,Chelicerata,NA,Arachnida,NA,NA,NA,Araneae,NA,NA,NA,Theridiidae,NA,NA,NA,Enoplognatha,NA,NA,NA,NA,NA,2025-11-16T23:26:31Z,success
Entomobryidae,ITIS,99643,Family,Animalia,Bilateria,Protostomia,Ecdysozoa,Arthropoda,Hexapoda,NA,Collembola,NA,NA,NA,Entomobryomorpha,NA,NA,Entomobryoidea,Entomobryidae,NA,NA,NA,NA,NA,NA,NA,NA,NA,2025-11-16T23:26:32Z,success
Ephemerellidae,ITIS,101232,Family,Animalia,Bilateria,Protostomia,Ecdysozoa,Arthropoda,Hexapoda,NA,Insecta,Pterygota,Palaeoptera,NA,Ephemeroptera,Furcatergalia,Pannota,Ephemerelloidea,Ephemerellidae,NA,NA,NA,NA,NA,NA,NA,NA,NA,2025-11-16T23:26:34Z,success
Ephemeroptera,ITIS,100502,Order,Animalia,Bilateria,Protostomia,Ecdysozoa,Arthropoda,Hexapoda,NA,Insecta,Pterygota,Palaeoptera,NA,Ephemeroptera,NA,NA,NA,NA,NA,NA,NA,NA,NA,NA,NA,NA,NA,2025-11-16T23:26:34Z,success
Ephydridae,ITIS,146893,Family,Animalia,Bilateria,Protostomia,Ecdysozoa,Arthropoda,Hexapoda,NA,Insecta,Pterygota,Neoptera,Holometabola,Diptera,Brachycera,Muscomorpha,NA,Ephydridae,NA,NA,NA,NA,NA,NA,NA,NA,NA,2025-11-16T23:26:35Z,success
Epicauta,ITIS,114390,Genus,Animalia,Bilateria,Protostomia,Ecdysozoa,Arthropoda,Hexapoda,NA,Insecta,Pterygota,Neoptera,Holometabola,Coleoptera,Polyphaga,Cucujiformia,Tenebrionoidea,Meloidae,Meloinae,Epicautini,NA,Epicauta,NA,NA,NA,NA,NA,2025-11-16T23:26:36Z,success
Epuraea,ITIS,835489,Genus,Animalia,Bilateria,Protostomia,Ecdysozoa,Arthropoda,Hexapoda,NA,Insecta,Pterygota,Neoptera,Holometabola,Coleoptera,Polyphaga,Cucujiformia,Nitiduloidea,Nitidulidae,Epuraeinae,NA,NA,Epuraea,NA,NA,NA,NA,NA,2025-11-16T23:26:36Z,success
Eremobatidae,ITIS,690765,Family,Animalia,Bilateria,Protostomia,Ecdysozoa,Arthropoda,Chelicerata,NA,Arachnida,NA,NA,NA,Solifugae,NA,NA,NA,Eremobatidae,NA,NA,NA,NA,NA,NA,NA,NA,NA,2025-11-16T23:33:37Z,success
Eremosaprinus,ITIS,728618,Genus,Animalia,Bilateria,Protostomia,Ecdysozoa,Arthropoda,Hexapoda,NA,Insecta,Pterygota,Neoptera,Holometabola,Coleoptera,Polyphaga,Staphyliniformia,Histeroidea,Histeridae,Saprininae,NA,NA,Eremosaprinus,NA,NA,NA,NA,NA,2025-11-16T23:26:37Z,success
Eretes,ITIS,112163,Genus,Animalia,Bilateria,Protostomia,Ecdysozoa,Arthropoda,Hexapoda,NA,Insecta,Pterygota,Neoptera,Holometabola,Coleoptera,Adephaga,NA,NA,Dytiscidae,Dytiscinae,Eretini,NA,Eretes,NA,NA,NA,NA,NA,2025-11-16T23:26:38Z,success
Erigone,ITIS,848314,Genus,Animalia,Bilateria,Protostomia,Ecdysozoa,Arthropoda,Chelicerata,NA,Arachnida,NA,NA,NA,Araneae,NA,NA,NA,Linyphiidae,NA,NA,NA,Erigone,NA,NA,NA,NA,NA,2025-11-16T23:26:38Z,success
Eriosomatidae,ITIS,109192,Family,Animalia,Bilateria,Protostomia,Ecdysozoa,Arthropoda,Hexapoda,NA,Insecta,Pterygota,Neoptera,Acercaria,Hemiptera,Sternorrhyncha,NA,Aphidoidea,Eriosomatidae,NA,NA,NA,NA,NA,NA,NA,NA,NA,2025-11-16T23:26:39Z,success
Erythraeidae,ITIS,895691,Family,Animalia,Bilateria,Protostomia,Ecdysozoa,Arthropoda,Chelicerata,NA,Arachnida,NA,NA,Acariformes,Trombidiformes,Prostigmata,Anystina,Erythraeoidea,Erythraeidae,NA,NA,NA,NA,NA,NA,NA,NA,NA,2025-11-16T23:32:07Z,success
Erythraeoidea,ITIS,895635,Superfamily,Animalia,Bilateria,Protostomia,Ecdysozoa,Arthropoda,Chelicerata,NA,Arachnida,NA,NA,Acariformes,Trombidiformes,Prostigmata,Anystina,Erythraeoidea,NA,NA,NA,NA,NA,NA,NA,NA,NA,NA,2025-11-16T23:32:32Z,success
Escaphiella,ITIS,848325,Genus,Animalia,Bilateria,Protostomia,Ecdysozoa,Arthropoda,Chelicerata,NA,Arachnida,NA,NA,NA,Araneae,NA,NA,NA,Oonopidae,NA,NA,NA,Escaphiella,NA,NA,NA,NA,NA,2025-11-16T23:33:44Z,success
Eucyllus,ITIS,616858,Genus,Animalia,Bilateria,Protostomia,Ecdysozoa,Arthropoda,Hexapoda,NA,Insecta,Pterygota,Neoptera,Holometabola,Coleoptera,Polyphaga,Cucujiformia,Curculionoidea,Curculionidae,NA,NA,NA,Eucyllus,NA,NA,NA,NA,NA,2025-11-16T23:26:40Z,success
Euetheola,ITIS,926589,Genus,Animalia,Bilateria,Protostomia,Ecdysozoa,Arthropoda,Hexapoda,NA,Insecta,Pterygota,Neoptera,Holometabola,Coleoptera,Polyphaga,Scarabeiformia,Scarabaeoidea,Scarabaeidae,Dynastinae,Pentodontini,NA,Euetheola,NA,NA,NA,NA,NA,2025-11-16T23:26:41Z,success
Eulophidae,ITIS,153770,Family,Animalia,Bilateria,Protostomia,Ecdysozoa,Arthropoda,Hexapoda,NA,Insecta,Pterygota,Neoptera,Holometabola,Hymenoptera,Apocrita,Terebrantes,Chalcidoidea,Eulophidae,NA,NA,NA,NA,NA,NA,NA,NA,NA,2025-11-16T23:26:42Z,success
Eupelmidae,ITIS,153952,Family,Animalia,Bilateria,Protostomia,Ecdysozoa,Arthropoda,Hexapoda,NA,Insecta,Pterygota,Neoptera,Holometabola,Hymenoptera,Apocrita,Terebrantes,Chalcidoidea,Eupelmidae,NA,NA,NA,NA,NA,NA,NA,NA,NA,2025-11-16T23:26:42Z,success
Euphorticus,ITIS,110444,Genus,Animalia,Bilateria,Protostomia,Ecdysozoa,Arthropoda,Hexapoda,NA,Insecta,Pterygota,Neoptera,Holometabola,Coleoptera,Adephaga,NA,NA,Carabidae,Harpalinae,Lachnophorini,NA,Euphorticus,NA,NA,NA,NA,NA,2025-11-16T23:32:21Z,success
Eupompha,ITIS,731353,Genus,Animalia,Bilateria,Protostomia,Ecdysozoa,Arthropoda,Hexapoda,NA,Insecta,Pterygota,Neoptera,Holometabola,Coleoptera,Polyphaga,Cucujiformia,Tenebrionoidea,Meloidae,Meloinae,Eupomphini,NA,Eupompha,NA,NA,NA,NA,NA,2025-11-16T23:26:43Z,success
Eupompha elegans,ITIS,731775,Species,Animalia,Bilateria,Protostomia,Ecdysozoa,Arthropoda,Hexapoda,NA,Insecta,Pterygota,Neoptera,Holometabola,Coleoptera,Polyphaga,Cucujiformia,Tenebrionoidea,Meloidae,Meloinae,Eupomphini,NA,Eupompha,NA,Eupompha elegans,NA,NA,NA,2025-11-16T23:33:25Z,success
Eupsophulus,GBIF,4722980,Genus,Animalia,NA,NA,NA,Arthropoda,NA,NA,Insecta,NA,NA,NA,Coleoptera,NA,NA,NA,Tenebrionidae,NA,NA,NA,Eupsophulus,NA,NA,NA,NA,NA,2025-11-16T23:26:44Z,success
Euptychodera corrugata,ITIS,109023,Species,Animalia,Bilateria,Protostomia,Ecdysozoa,Arthropoda,Hexapoda,NA,Insecta,Pterygota,Neoptera,Acercaria,Hemiptera,Heteroptera,Pentatomomorpha,Pentatomoidea,Scutelleridae,Eurygastrinae,NA,NA,Euptychodera,NA,Euptychodera corrugata,NA,NA,NA,2025-11-16T23:30:33Z,success
Euryopis,ITIS,848342,Genus,Animalia,Bilateria,Protostomia,Ecdysozoa,Arthropoda,Chelicerata,NA,Arachnida,NA,NA,NA,Araneae,NA,NA,NA,Theridiidae,NA,NA,NA,Euryopis,NA,NA,NA,NA,NA,2025-11-16T23:26:45Z,success
Eurytomidae,ITIS,154008,Family,Animalia,Bilateria,Protostomia,Ecdysozoa,Arthropoda,Hexapoda,NA,Insecta,Pterygota,Neoptera,Holometabola,Hymenoptera,Apocrita,Terebrantes,Chalcidoidea,Eurytomidae,NA,NA,NA,NA,NA,NA,NA,NA,NA,2025-11-16T23:26:46Z,success
Eusattus,GBIF,4723950,Genus,Animalia,NA,NA,NA,Arthropoda,NA,NA,Insecta,NA,NA,NA,Coleoptera,NA,NA,NA,Tenebrionidae,NA,NA,NA,Eusattus,NA,NA,NA,NA,NA,2025-11-16T23:32:12Z,success
Euspilotus,ITIS,728619,Genus,Animalia,Bilateria,Protostomia,Ecdysozoa,Arthropoda,Hexapoda,NA,Insecta,Pterygota,Neoptera,Holometabola,Coleoptera,Polyphaga,Staphyliniformia,Histeroidea,Histeridae,Saprininae,NA,NA,Euspilotus,NA,NA,NA,NA,NA,2025-11-16T23:32:01Z,success
Evaniella,GBIF,1249244,Genus,Animalia,NA,NA,NA,Arthropoda,NA,NA,Insecta,NA,NA,NA,Hymenoptera,NA,NA,NA,Evaniidae,NA,NA,NA,Evaniella,NA,NA,NA,NA,NA,2025-11-16T23:33:51Z,success
Exema,ITIS,719782,Genus,Animalia,Bilateria,Protostomia,Ecdysozoa,Arthropoda,Hexapoda,NA,Insecta,Pterygota,Neoptera,Holometabola,Coleoptera,Polyphaga,Cucujiformia,Chrysomeloidea,Chrysomelidae,Cryptocephalinae,Fulcidacini,NA,Exema,NA,NA,NA,NA,NA,2025-11-16T23:26:46Z,success
Exitianus,ITIS,200035,Genus,Animalia,Bilateria,Protostomia,Ecdysozoa,Arthropoda,Hexapoda,NA,Insecta,Pterygota,Neoptera,Acercaria,Hemiptera,Auchenorrhyncha,Cicadomorpha,Membracoidea,Cicadellidae,NA,NA,NA,Exitianus,NA,NA,NA,NA,NA,2025-11-16T23:26:47Z,success
Fanniidae,ITIS,151314,Family,Animalia,Bilateria,Protostomia,Ecdysozoa,Arthropoda,Hexapoda,NA,Insecta,Pterygota,Neoptera,Holometabola,Diptera,Brachycera,Muscomorpha,NA,Fanniidae,NA,NA,NA,NA,NA,NA,NA,NA,NA,2025-11-16T23:26:48Z,success
Figitidae,ITIS,154028,Family,Animalia,Bilateria,Protostomia,Ecdysozoa,Arthropoda,Hexapoda,NA,Insecta,Pterygota,Neoptera,Holometabola,Hymenoptera,Apocrita,Terebrantes,Cynipoidea,Figitidae,NA,NA,NA,NA,NA,NA,NA,NA,NA,2025-11-16T23:26:40Z,success
Filistatidae,ITIS,847722,Family,Animalia,Bilateria,Protostomia,Ecdysozoa,Arthropoda,Chelicerata,NA,Arachnida,NA,NA,NA,Araneae,NA,NA,NA,Filistatidae,NA,NA,NA,NA,NA,NA,NA,NA,NA,2025-11-16T23:26:50Z,success
Filistatoides,ITIS,848368,Genus,Animalia,Bilateria,Protostomia,Ecdysozoa,Arthropoda,Chelicerata,NA,Arachnida,NA,NA,NA,Araneae,NA,NA,NA,Filistatidae,NA,NA,NA,Filistatoides,NA,NA,NA,NA,NA,2025-11-16T23:26:49Z,success
Foadia,ITIS,779728,Genus,Animalia,Bilateria,Protostomia,Ecdysozoa,Arthropoda,Hexapoda,NA,Insecta,Pterygota,Neoptera,Holometabola,Coleoptera,Polyphaga,Cucujiformia,Coccinelloidea,Corylophidae,Corylophinae,Foadiini,NA,Foadia,NA,NA,NA,NA,NA,2025-11-16T23:26:51Z,success
Foadia maculata,ITIS,779742,Species,Animalia,Bilateria,Protostomia,Ecdysozoa,Arthropoda,Hexapoda,NA,Insecta,Pterygota,Neoptera,Holometabola,Coleoptera,Polyphaga,Cucujiformia,Coccinelloidea,Corylophidae,Corylophinae,Foadiini,NA,Foadia,NA,Foadia maculata,NA,NA,NA,2025-11-16T23:28:07Z,success
Forelius,ITIS,573923,Genus,Animalia,Bilateria,Protostomia,Ecdysozoa,Arthropoda,Hexapoda,NA,Insecta,Pterygota,Neoptera,Holometabola,Hymenoptera,Apocrita,Aculeata,Vespoidea,Formicidae,Dolichoderinae,NA,NA,Forelius,NA,NA,NA,NA,NA,2025-11-16T23:26:52Z,success
Forelius mccooki,ITIS,574951,Species,Animalia,Bilateria,Protostomia,Ecdysozoa,Arthropoda,Hexapoda,NA,Insecta,Pterygota,Neoptera,Holometabola,Hymenoptera,Apocrita,Aculeata,Vespoidea,Formicidae,Dolichoderinae,NA,NA,Forelius,NA,Forelius mccooki,NA,NA,NA,2025-11-16T23:28:11Z,success
Forelius pruinosus,ITIS,574954,Species,Animalia,Bilateria,Protostomia,Ecdysozoa,Arthropoda,Hexapoda,NA,Insecta,Pterygota,Neoptera,Holometabola,Hymenoptera,Apocrita,Aculeata,Vespoidea,Formicidae,Dolichoderinae,NA,NA,Forelius,NA,Forelius pruinosus,NA,NA,NA,2025-11-16T23:29:54Z,success
Formica,ITIS,154211,Genus,Animalia,Bilateria,Protostomia,Ecdysozoa,Arthropoda,Hexapoda,NA,Insecta,Pterygota,Neoptera,Holometabola,Hymenoptera,Apocrita,Aculeata,Vespoidea,Formicidae,Formicinae,Formicini,NA,Formica,NA,NA,NA,NA,NA,2025-11-16T23:26:54Z,success
Formicidae,ITIS,154193,Family,Animalia,Bilateria,Protostomia,Ecdysozoa,Arthropoda,Hexapoda,NA,Insecta,Pterygota,Neoptera,Holometabola,Hymenoptera,Apocrita,Aculeata,Vespoidea,Formicidae,NA,NA,NA,NA,NA,NA,NA,NA,NA,2025-11-16T23:33:02Z,success
Formicilla,ITIS,685112,Genus,Animalia,Bilateria,Protostomia,Ecdysozoa,Arthropoda,Hexapoda,NA,Insecta,Pterygota,Neoptera,Holometabola,Coleoptera,Polyphaga,Cucujiformia,Tenebrionoidea,Anthicidae,Anthicinae,NA,NA,Formicilla,NA,NA,NA,NA,NA,2025-11-16T23:26:52Z,success
Fulgoroidea,ITIS,109173,Superfamily,Animalia,Bilateria,Protostomia,Ecdysozoa,Arthropoda,Hexapoda,NA,Insecta,Pterygota,Neoptera,Acercaria,Hemiptera,Auchenorrhyncha,Fulgoromorpha,Fulgoroidea,NA,NA,NA,NA,NA,NA,NA,NA,NA,NA,2025-11-16T23:32:13Z,success
Fulvius,ITIS,104538,Genus,Animalia,Bilateria,Protostomia,Ecdysozoa,Arthropoda,Hexapoda,NA,Insecta,Pterygota,Neoptera,Acercaria,Hemiptera,Heteroptera,Cimicomorpha,Miroidea,Miridae,Cylapinae,Fulviini,NA,Fulvius,NA,NA,NA,NA,NA,2025-11-16T23:26:54Z,success
Galumnoidea,ITIS,733384,Superfamily,Animalia,Bilateria,Protostomia,Ecdysozoa,Arthropoda,Chelicerata,NA,Arachnida,NA,NA,Acariformes,Sarcoptiformes,Oribatida,Brachypylina,Galumnoidea,NA,NA,NA,NA,NA,NA,NA,NA,NA,NA,2025-11-16T23:32:04Z,success
Gastropoda,ITIS,69459,Class,Animalia,Bilateria,Protostomia,Spiralia,Mollusca,NA,NA,Gastropoda,NA,NA,NA,NA,NA,NA,NA,NA,NA,NA,NA,NA,NA,NA,NA,NA,NA,2025-11-16T23:33:17Z,success
Gelechiidae,ITIS,118700,Family,Animalia,Bilateria,Protostomia,Ecdysozoa,Arthropoda,Hexapoda,NA,Insecta,Pterygota,Neoptera,Holometabola,Lepidoptera,NA,NA,Gelechioidea,Gelechiidae,NA,NA,NA,NA,NA,NA,NA,NA,NA,2025-11-16T23:26:56Z,success
Geocoris,ITIS,107737,Genus,Animalia,Bilateria,Protostomia,Ecdysozoa,Arthropoda,Hexapoda,NA,Insecta,Pterygota,Neoptera,Acercaria,Hemiptera,Heteroptera,Pentatomomorpha,Lygaeoidea,Geocoridae,Geocorinae,NA,NA,Geocoris,NA,NA,NA,NA,NA,2025-11-16T23:26:56Z,success
Geocoris pallens,ITIS,107760,Species,Animalia,Bilateria,Protostomia,Ecdysozoa,Arthropoda,Hexapoda,NA,Insecta,Pterygota,Neoptera,Acercaria,Hemiptera,Heteroptera,Pentatomomorpha,Lygaeoidea,Geocoridae,Geocorinae,NA,NA,Geocoris,NA,Geocoris pallens,NA,NA,NA,2025-11-16T23:29:24Z,success
Geocoris punctipes,ITIS,107762,Species,Animalia,Bilateria,Protostomia,Ecdysozoa,Arthropoda,Hexapoda,NA,Insecta,Pterygota,Neoptera,Acercaria,Hemiptera,Heteroptera,Pentatomomorpha,Lygaeoidea,Geocoridae,Geocorinae,NA,NA,Geocoris,NA,Geocoris punctipes,NA,NA,NA,2025-11-16T23:26:57Z,success
Geometridae,ITIS,117556,Family,Animalia,Bilateria,Protostomia,Ecdysozoa,Arthropoda,Hexapoda,NA,Insecta,Pterygota,Neoptera,Holometabola,Lepidoptera,NA,NA,Geometroidea,Geometridae,NA,NA,NA,NA,NA,NA,NA,NA,NA,2025-11-16T23:26:58Z,success
Geomysaprinus (Priscosaprinus),ITIS,728663,NA,Animalia,Bilateria,Protostomia,Ecdysozoa,Arthropoda,Hexapoda,NA,Insecta,Pterygota,Neoptera,Holometabola,Coleoptera,Polyphaga,Staphyliniformia,Histeroidea,Histeridae,Saprininae,NA,NA,Geomysaprinus,Geomysaprinus (Priscosaprinus),NA,NA,NA,NA,2025-11-16T23:29:52Z,success
Geophilomorpha,ITIS,154404,Order,Animalia,Bilateria,Protostomia,Ecdysozoa,Arthropoda,Myriapoda,NA,Chilopoda,Pleurostigmophora,NA,NA,Geophilomorpha,NA,NA,NA,NA,NA,NA,NA,NA,NA,NA,NA,NA,NA,2025-11-16T23:33:15Z,success
Gibbobruchus,ITIS,719794,Genus,Animalia,Bilateria,Protostomia,Ecdysozoa,Arthropoda,Hexapoda,NA,Insecta,Pterygota,Neoptera,Holometabola,Coleoptera,Polyphaga,Cucujiformia,Chrysomeloidea,Chrysomelidae,Bruchinae,NA,NA,Gibbobruchus,NA,NA,NA,NA,NA,2025-11-16T23:26:59Z,success
Glenognatha,ITIS,848415,Genus,Animalia,Bilateria,Protostomia,Ecdysozoa,Arthropoda,Chelicerata,NA,Arachnida,NA,NA,NA,Araneae,NA,NA,NA,Tetragnathidae,NA,NA,NA,Glenognatha,NA,NA,NA,NA,NA,2025-11-16T23:27:00Z,success
Gloridonus,GBIF,2043484,Genus,Animalia,NA,NA,NA,Arthropoda,NA,NA,Insecta,NA,NA,NA,Hemiptera,NA,NA,NA,Cicadellidae,NA,NA,NA,Gloridonus,NA,NA,NA,NA,NA,2025-11-16T23:27:01Z,success
Glyptina,ITIS,719703,Genus,Animalia,Bilateria,Protostomia,Ecdysozoa,Arthropoda,Hexapoda,NA,Insecta,Pterygota,Neoptera,Holometabola,Coleoptera,Polyphaga,Cucujiformia,Chrysomeloidea,Chrysomelidae,Galerucinae,Alticini,NA,Glyptina,NA,NA,NA,NA,NA,2025-11-16T23:27:02Z,success
Gnaphosa,ITIS,185673,Genus,Animalia,Bilateria,Protostomia,Ecdysozoa,Arthropoda,Chelicerata,NA,Arachnida,NA,NA,NA,Araneae,NA,NA,NA,Gnaphosidae,NA,NA,NA,Gnaphosa,NA,NA,NA,NA,NA,2025-11-16T23:27:03Z,success
Gnaphosidae,ITIS,185556,Family,Animalia,Bilateria,Protostomia,Ecdysozoa,Arthropoda,Chelicerata,NA,Arachnida,NA,NA,NA,Araneae,NA,NA,NA,Gnaphosidae,NA,NA,NA,NA,NA,NA,NA,NA,NA,2025-11-16T23:27:04Z,success
Gryllacrididae,ITIS,102278,Family,Animalia,Bilateria,Protostomia,Ecdysozoa,Arthropoda,Hexapoda,NA,Insecta,Pterygota,Neoptera,Polyneoptera,Orthoptera,Ensifera,Tettigoniidea,Stenopelmatoidea,Gryllacrididae,NA,NA,NA,NA,NA,NA,NA,NA,NA,2025-11-16T23:27:06Z,success
Gryllidae,ITIS,102281,Family,Animalia,Bilateria,Protostomia,Ecdysozoa,Arthropoda,Hexapoda,NA,Insecta,Pterygota,Neoptera,Polyneoptera,Orthoptera,Ensifera,Gryllidea,Grylloidea,Gryllidae,NA,NA,NA,NA,NA,NA,NA,NA,NA,2025-11-16T23:27:05Z,success
Gryllodes,ITIS,657817,Genus,Animalia,Bilateria,Protostomia,Ecdysozoa,Arthropoda,Hexapoda,NA,Insecta,Pterygota,Neoptera,Polyneoptera,Orthoptera,Ensifera,Gryllidea,Grylloidea,Gryllidae,Gryllinae,NA,NA,Gryllodes,NA,NA,NA,NA,NA,2025-11-16T23:32:51Z,success
Gryllus,ITIS,657701,Genus,Animalia,Bilateria,Protostomia,Ecdysozoa,Arthropoda,Hexapoda,NA,Insecta,Pterygota,Neoptera,Polyneoptera,Orthoptera,Ensifera,Gryllidea,Grylloidea,Gryllidae,Gryllinae,NA,NA,Gryllus,NA,NA,NA,NA,NA,2025-11-16T23:33:28Z,success
Habronattus,ITIS,872158,Genus,Animalia,Bilateria,Protostomia,Ecdysozoa,Arthropoda,Chelicerata,NA,Arachnida,NA,NA,NA,Araneae,NA,NA,NA,Salticidae,NA,NA,NA,Habronattus,NA,NA,NA,NA,NA,2025-11-16T23:27:07Z,success
Hadrurus arizonensis,GBIF,6892807,Species,Animalia,NA,NA,NA,Arthropoda,NA,NA,Arachnida,NA,NA,NA,Scorpiones,NA,NA,NA,Hadruridae,NA,NA,NA,Hadrurus,NA,Hadrurus arizonensis,NA,NA,NA,2025-11-16T23:27:34Z,success
Halictidae,ITIS,154348,Family,Animalia,Bilateria,Protostomia,Ecdysozoa,Arthropoda,Hexapoda,NA,Insecta,Pterygota,Neoptera,Holometabola,Hymenoptera,Apocrita,Aculeata,Apoidea,Halictidae,NA,NA,NA,NA,NA,NA,NA,NA,NA,2025-11-16T23:27:08Z,success
Halonoproctidae,GBIF,10488147,Family,Animalia,NA,NA,NA,Arthropoda,NA,NA,Arachnida,NA,NA,NA,Araneae,NA,NA,NA,Halonoproctidae,NA,NA,NA,NA,NA,NA,NA,NA,NA,2025-11-16T23:33:57Z,success
Haplodrassus,ITIS,185731,Genus,Animalia,Bilateria,Protostomia,Ecdysozoa,Arthropoda,Chelicerata,NA,Arachnida,NA,NA,NA,Araneae,NA,NA,NA,Gnaphosidae,NA,NA,NA,Haplodrassus,NA,NA,NA,NA,NA,2025-11-16T23:30:34Z,success
Harmostes,ITIS,108483,Genus,Animalia,Bilateria,Protostomia,Ecdysozoa,Arthropoda,Hexapoda,NA,Insecta,Pterygota,Neoptera,Acercaria,Hemiptera,Heteroptera,Pentatomomorpha,Coreoidea,Rhopalidae,Rhopalinae,Harmostini,NA,Harmostes,NA,NA,NA,NA,NA,2025-11-16T23:27:08Z,success
Hebecephalus,GBIF,2039073,Genus,Animalia,NA,NA,NA,Arthropoda,NA,NA,Insecta,NA,NA,NA,Hemiptera,NA,NA,NA,Cicadellidae,NA,NA,NA,Hebecephalus,NA,NA,NA,NA,NA,2025-11-16T23:27:09Z,success
Heleomyza,ITIS,145595,Genus,Animalia,Bilateria,Protostomia,Ecdysozoa,Arthropoda,Hexapoda,NA,Insecta,Pterygota,Neoptera,Holometabola,Diptera,Brachycera,Muscomorpha,NA,Heleomyzidae,Heleomyzinae,Heleomyzini,NA,Heleomyza,NA,NA,NA,NA,NA,2025-11-16T23:27:10Z,success
Heleomyzidae,ITIS,145445,Family,Animalia,Bilateria,Protostomia,Ecdysozoa,Arthropoda,Hexapoda,NA,Insecta,Pterygota,Neoptera,Holometabola,Diptera,Brachycera,Muscomorpha,NA,Heleomyzidae,NA,NA,NA,NA,NA,NA,NA,NA,NA,2025-11-16T23:27:11Z,success
Hemerobiidae,ITIS,115080,Family,Animalia,Bilateria,Protostomia,Ecdysozoa,Arthropoda,Hexapoda,NA,Insecta,Pterygota,Neoptera,Holometabola,Neuroptera,Hemerobiiformia,NA,NA,Hemerobiidae,NA,NA,NA,NA,NA,NA,NA,NA,NA,2025-11-16T23:27:12Z,success
Hemiphileurus,ITIS,926610,Genus,Animalia,Bilateria,Protostomia,Ecdysozoa,Arthropoda,Hexapoda,NA,Insecta,Pterygota,Neoptera,Holometabola,Coleoptera,Polyphaga,Scarabeiformia,Scarabaeoidea,Scarabaeidae,Dynastinae,Phileurini,NA,Hemiphileurus,NA,NA,NA,NA,NA,2025-11-16T23:27:12Z,success
Hemiphileurus illatus,GBIF,1073551,Species,Animalia,NA,NA,NA,Arthropoda,NA,NA,Insecta,NA,NA,NA,Coleoptera,NA,NA,NA,Scarabaeidae,NA,NA,NA,Hemiphileurus,NA,Hemiphileurus illatus,NA,NA,NA,2025-11-16T23:33:47Z,success
Hemiptera,ITIS,103359,Order,Animalia,Bilateria,Protostomia,Ecdysozoa,Arthropoda,Hexapoda,NA,Insecta,Pterygota,Neoptera,Acercaria,Hemiptera,NA,NA,NA,NA,NA,NA,NA,NA,NA,NA,NA,NA,NA,2025-11-16T23:27:13Z,success
Henicopidae,ITIS,913858,Family,Animalia,Bilateria,Protostomia,Ecdysozoa,Arthropoda,Myriapoda,NA,Chilopoda,Pleurostigmophora,NA,NA,Lithobiomorpha,NA,NA,NA,Henicopidae,NA,NA,NA,NA,NA,NA,NA,NA,NA,2025-11-16T23:27:58Z,success
Hermetia,ITIS,130289,Genus,Animalia,Bilateria,Protostomia,Ecdysozoa,Arthropoda,Hexapoda,NA,Insecta,Pterygota,Neoptera,Holometabola,Diptera,Brachycera,Stratiomyomorpha,NA,Stratiomyidae,Hermetiinae,NA,NA,Hermetia,NA,NA,NA,NA,NA,2025-11-16T23:27:14Z,success
Heteroceridae,ITIS,114262,Family,Animalia,Bilateria,Protostomia,Ecdysozoa,Arthropoda,Hexapoda,NA,Insecta,Pterygota,Neoptera,Holometabola,Coleoptera,Polyphaga,Elateriformia,Dryopoidea,Heteroceridae,NA,NA,NA,NA,NA,NA,NA,NA,NA,2025-11-16T23:27:14Z,success
Heteroderes,GBIF,4408201,Genus,Animalia,NA,NA,NA,Arthropoda,NA,NA,Insecta,NA,NA,NA,Coleoptera,NA,NA,NA,Elateridae,NA,NA,NA,Heteroderes,NA,NA,NA,NA,NA,2025-11-16T23:27:16Z,success
Heteronemiidae,GBIF,5527,Family,Animalia,NA,NA,NA,Arthropoda,NA,NA,Insecta,NA,NA,NA,Phasmida,NA,NA,NA,Heteronemiidae,NA,NA,NA,NA,NA,NA,NA,NA,NA,2025-11-16T23:27:17Z,success
Hippodamia,ITIS,114330,Genus,Animalia,Bilateria,Protostomia,Ecdysozoa,Arthropoda,Hexapoda,NA,Insecta,Pterygota,Neoptera,Holometabola,Coleoptera,Polyphaga,Cucujiformia,Coccinelloidea,Coccinellidae,Coccinellinae,Coccinellini,NA,Hippodamia,NA,NA,NA,NA,NA,2025-11-16T23:27:18Z,success
Hister,ITIS,188413,Genus,Animalia,Bilateria,Protostomia,Ecdysozoa,Arthropoda,Hexapoda,NA,Insecta,Pterygota,Neoptera,Holometabola,Coleoptera,Polyphaga,Staphyliniformia,Histeroidea,Histeridae,Histerinae,Histerini,NA,Hister,NA,NA,NA,NA,NA,2025-11-16T23:27:21Z,success
Histeridae,ITIS,114959,Family,Animalia,Bilateria,Protostomia,Ecdysozoa,Arthropoda,Hexapoda,NA,Insecta,Pterygota,Neoptera,Holometabola,Coleoptera,Polyphaga,Staphyliniformia,Histeroidea,Histeridae,NA,NA,NA,NA,NA,NA,NA,NA,NA,2025-11-16T23:27:22Z,success
Hogna,ITIS,848506,Genus,Animalia,Bilateria,Protostomia,Ecdysozoa,Arthropoda,Chelicerata,NA,Arachnida,NA,NA,NA,Araneae,NA,NA,NA,Lycosidae,NA,NA,NA,Hogna,NA,NA,NA,NA,NA,2025-11-16T23:27:23Z,success
Homalodisca,GBIF,2044790,Genus,Animalia,NA,NA,NA,Arthropoda,NA,NA,Insecta,NA,NA,NA,Hemiptera,NA,NA,NA,Cicadellidae,NA,NA,NA,Homalodisca,NA,NA,NA,NA,NA,2025-11-16T23:27:24Z,success
Homalonychus,ITIS,872231,Genus,Animalia,Bilateria,Protostomia,Ecdysozoa,Arthropoda,Chelicerata,NA,Arachnida,NA,NA,NA,Araneae,NA,NA,NA,Homalonychidae,NA,NA,NA,Homalonychus,NA,NA,NA,NA,NA,2025-11-16T23:32:09Z,success
Horistonotus,ITIS,113896,Genus,Animalia,Bilateria,Protostomia,Ecdysozoa,Arthropoda,Hexapoda,NA,Insecta,Pterygota,Neoptera,Holometabola,Coleoptera,Polyphaga,Elateriformia,Elateroidea,Elateridae,NA,NA,NA,Horistonotus,NA,NA,NA,NA,NA,2025-11-16T23:31:59Z,success
Hydroptilidae,ITIS,115629,Family,Animalia,Bilateria,Protostomia,Ecdysozoa,Arthropoda,Hexapoda,NA,Insecta,Pterygota,Neoptera,Holometabola,Trichoptera,NA,NA,Hydroptiloidea,Hydroptilidae,NA,NA,NA,NA,NA,NA,NA,NA,NA,2025-11-16T23:27:25Z,success
Hymenoptera,ITIS,152741,Order,Animalia,Bilateria,Protostomia,Ecdysozoa,Arthropoda,Hexapoda,NA,Insecta,Pterygota,Neoptera,Holometabola,Hymenoptera,NA,NA,NA,NA,NA,NA,NA,NA,NA,NA,NA,NA,NA,2025-11-16T23:27:25Z,success
Hypera,ITIS,187908,Genus,Animalia,Bilateria,Protostomia,Ecdysozoa,Arthropoda,Hexapoda,NA,Insecta,Pterygota,Neoptera,Holometabola,Coleoptera,Polyphaga,Cucujiformia,Curculionoidea,Curculionidae,NA,NA,NA,Hypera,NA,NA,NA,NA,NA,2025-11-16T23:27:26Z,success
Hyperaspis,ITIS,114336,Genus,Animalia,Bilateria,Protostomia,Ecdysozoa,Arthropoda,Hexapoda,NA,Insecta,Pterygota,Neoptera,Holometabola,Coleoptera,Polyphaga,Cucujiformia,Coccinelloidea,Coccinellidae,Coccinellinae,Hyperaspidini,NA,Hyperaspis,NA,NA,NA,NA,NA,2025-11-16T23:27:27Z,success
Hypogastruridae,ITIS,99917,Family,Animalia,Bilateria,Protostomia,Ecdysozoa,Arthropoda,Hexapoda,NA,Collembola,NA,NA,NA,Poduromorpha,NA,NA,Hypogastruroidea,Hypogastruridae,NA,NA,NA,NA,NA,NA,NA,NA,NA,2025-11-16T23:27:27Z,success
Hypoponera,ITIS,574195,Genus,Animalia,Bilateria,Protostomia,Ecdysozoa,Arthropoda,Hexapoda,NA,Insecta,Pterygota,Neoptera,Holometabola,Hymenoptera,Apocrita,Aculeata,Vespoidea,Formicidae,Ponerinae,Ponerini,NA,Hypoponera,NA,NA,NA,NA,NA,2025-11-16T23:27:28Z,success
Hypoponera opacior,ITIS,583304,Species,Animalia,Bilateria,Protostomia,Ecdysozoa,Arthropoda,Hexapoda,NA,Insecta,Pterygota,Neoptera,Holometabola,Hymenoptera,Apocrita,Aculeata,Vespoidea,Formicidae,Ponerinae,Ponerini,NA,Hypoponera,NA,Hypoponera opacior,NA,NA,NA,2025-11-16T23:33:44Z,success
Hyporhagus,ITIS,706171,Genus,Animalia,Bilateria,Protostomia,Ecdysozoa,Arthropoda,Hexapoda,NA,Insecta,Pterygota,Neoptera,Holometabola,Coleoptera,Polyphaga,Cucujiformia,Tenebrionoidea,Zopheridae,Zopherinae,NA,NA,Hyporhagus,NA,NA,NA,NA,NA,2025-11-16T23:27:29Z,success
Ichneumonidae,ITIS,153360,Family,Animalia,Bilateria,Protostomia,Ecdysozoa,Arthropoda,Hexapoda,NA,Insecta,Pterygota,Neoptera,Holometabola,Hymenoptera,Apocrita,Terebrantes,Ichneumonoidea,Ichneumonidae,NA,NA,NA,NA,NA,NA,NA,NA,NA,2025-11-16T23:27:30Z,success
Iris oratoria,ITIS,666614,Species,Animalia,Bilateria,Protostomia,Ecdysozoa,Arthropoda,Hexapoda,NA,Insecta,Pterygota,Neoptera,Polyneoptera,Mantodea,Mantodea,NA,NA,Mantidae,NA,NA,NA,Iris,NA,Iris oratoria,NA,NA,NA,2025-11-16T23:29:15Z,success
Isodacrys,ITIS,616895,Genus,Animalia,Bilateria,Protostomia,Ecdysozoa,Arthropoda,Hexapoda,NA,Insecta,Pterygota,Neoptera,Holometabola,Coleoptera,Polyphaga,Cucujiformia,Curculionoidea,Curculionidae,NA,NA,NA,Isodacrys,NA,NA,NA,NA,NA,2025-11-16T23:27:32Z,success
Isopoda,ITIS,92120,Order,Animalia,Bilateria,Protostomia,Ecdysozoa,Arthropoda,Crustacea,Altocrustacea,Malacostraca,Eumalacostraca,NA,Peracarida,Isopoda,NA,NA,NA,NA,NA,NA,NA,NA,NA,NA,NA,NA,NA,2025-11-16T23:27:32Z,success
Isotomidae,ITIS,99245,Family,Animalia,Bilateria,Protostomia,Ecdysozoa,Arthropoda,Hexapoda,NA,Collembola,NA,NA,NA,Entomobryomorpha,NA,NA,Isotomoidea,Isotomidae,NA,NA,NA,NA,NA,NA,NA,NA,NA,2025-11-16T23:27:33Z,success
Iuridae,ITIS,690784,Family,Animalia,Bilateria,Protostomia,Ecdysozoa,Arthropoda,Chelicerata,NA,Arachnida,NA,NA,NA,Scorpiones,NA,NA,Iuroidea,Iuridae,NA,NA,NA,NA,NA,NA,NA,NA,NA,2025-11-16T23:27:35Z,success
Kalotermitidae,ITIS,102431,Family,Animalia,Bilateria,Protostomia,Ecdysozoa,Arthropoda,Hexapoda,NA,Insecta,Pterygota,Neoptera,Polyneoptera,Blattodea,NA,NA,Blattoidea,Kalotermitidae,NA,NA,NA,NA,NA,NA,NA,NA,NA,2025-11-16T23:27:36Z,success
Kibramoa,ITIS,848607,Genus,Animalia,Bilateria,Protostomia,Ecdysozoa,Arthropoda,Chelicerata,NA,Arachnida,NA,NA,NA,Araneae,NA,NA,NA,Plectreuridae,NA,NA,NA,Kibramoa,NA,NA,NA,NA,NA,2025-11-16T23:27:36Z,success
Kinnaridae,ITIS,109177,Family,Animalia,Bilateria,Protostomia,Ecdysozoa,Arthropoda,Hexapoda,NA,Insecta,Pterygota,Neoptera,Acercaria,Hemiptera,Auchenorrhyncha,Fulgoromorpha,Fulgoroidea,Kinnaridae,NA,NA,NA,NA,NA,NA,NA,NA,NA,2025-11-16T23:27:37Z,success
Labidura,ITIS,186020,Genus,Animalia,Bilateria,Protostomia,Ecdysozoa,Arthropoda,Hexapoda,NA,Insecta,Pterygota,Neoptera,Polyneoptera,Dermaptera,Catadermaptera,NA,Pygidicranoidea,Labiduridae,Labidurinae,NA,NA,Labidura,NA,NA,NA,NA,NA,2025-11-16T23:32:45Z,success
Labidura riparia,ITIS,186021,Species,Animalia,Bilateria,Protostomia,Ecdysozoa,Arthropoda,Hexapoda,NA,Insecta,Pterygota,Neoptera,Polyneoptera,Dermaptera,Catadermaptera,NA,Pygidicranoidea,Labiduridae,Labidurinae,NA,NA,Labidura,NA,Labidura riparia,NA,NA,NA,2025-11-16T23:27:38Z,success
Labiidae,ITIS,102453,Family,Animalia,Bilateria,Protostomia,Ecdysozoa,Arthropoda,Hexapoda,NA,Insecta,Pterygota,Neoptera,Polyneoptera,Dermaptera,Eudermaptera,NA,Forficuloidea,Labiidae,NA,NA,NA,NA,NA,NA,NA,NA,NA,2025-11-16T23:27:38Z,success
Lacon,ITIS,186663,Genus,Animalia,Bilateria,Protostomia,Ecdysozoa,Arthropoda,Hexapoda,NA,Insecta,Pterygota,Neoptera,Holometabola,Coleoptera,Polyphaga,Elateriformia,Elateroidea,Elateridae,NA,NA,NA,Lacon,NA,NA,NA,NA,NA,2025-11-16T23:27:39Z,success
Lampyridae,ITIS,113835,Family,Animalia,Bilateria,Protostomia,Ecdysozoa,Arthropoda,Hexapoda,NA,Insecta,Pterygota,Neoptera,Holometabola,Coleoptera,Polyphaga,Elateriformia,Elateroidea,Lampyridae,NA,NA,NA,NA,NA,NA,NA,NA,NA,2025-11-16T23:27:40Z,success
Largidae,ITIS,108198,Family,Animalia,Bilateria,Protostomia,Ecdysozoa,Arthropoda,Hexapoda,NA,Insecta,Pterygota,Neoptera,Acercaria,Hemiptera,Heteroptera,Pentatomomorpha,Pyrrhocoroidea,Largidae,NA,NA,NA,NA,NA,NA,NA,NA,NA,2025-11-16T23:27:40Z,success
Largus,ITIS,108213,Genus,Animalia,Bilateria,Protostomia,Ecdysozoa,Arthropoda,Hexapoda,NA,Insecta,Pterygota,Neoptera,Acercaria,Hemiptera,Heteroptera,Pentatomomorpha,Pyrrhocoroidea,Largidae,Larginae,Largini,NA,Largus,NA,NA,NA,NA,NA,2025-11-16T23:27:41Z,success
Lasius,GBIF,1325751,Genus,Animalia,NA,NA,NA,Arthropoda,NA,NA,Insecta,NA,NA,NA,Hymenoptera,NA,NA,NA,Formicidae,NA,NA,NA,Lasius,NA,NA,NA,NA,NA,2025-11-16T23:33:55Z,success
Lathrobium,ITIS,186461,Genus,Animalia,Bilateria,Protostomia,Ecdysozoa,Arthropoda,Hexapoda,NA,Insecta,Pterygota,Neoptera,Holometabola,Coleoptera,Polyphaga,Staphyliniformia,Staphylinoidea,Staphylinidae,Paederinae,NA,NA,Lathrobium,NA,NA,NA,NA,NA,2025-11-16T23:30:34Z,success
Latridiidae,ITIS,678391,Family,Animalia,Bilateria,Protostomia,Ecdysozoa,Arthropoda,Hexapoda,NA,Insecta,Pterygota,Neoptera,Holometabola,Coleoptera,Polyphaga,Cucujiformia,Coccinelloidea,Latridiidae,NA,NA,NA,NA,NA,NA,NA,NA,NA,2025-11-16T23:27:42Z,success
Latrodectus,ITIS,848644,Genus,Animalia,Bilateria,Protostomia,Ecdysozoa,Arthropoda,Chelicerata,NA,Arachnida,NA,NA,NA,Araneae,NA,NA,NA,Theridiidae,NA,NA,NA,Latrodectus,NA,NA,NA,NA,NA,2025-11-16T23:27:43Z,success
Lebia,ITIS,111627,Genus,Animalia,Bilateria,Protostomia,Ecdysozoa,Arthropoda,Hexapoda,NA,Insecta,Pterygota,Neoptera,Holometabola,Coleoptera,Adephaga,NA,NA,Carabidae,Harpalinae,Lebiini,NA,Lebia,NA,NA,NA,NA,NA,2025-11-16T23:27:43Z,success
Leiodidae,ITIS,113817,Family,Animalia,Bilateria,Protostomia,Ecdysozoa,Arthropoda,Hexapoda,NA,Insecta,Pterygota,Neoptera,Holometabola,Coleoptera,Polyphaga,Staphyliniformia,Staphylinoidea,Leiodidae,NA,NA,NA,NA,NA,NA,NA,NA,NA,2025-11-16T23:27:44Z,success
Lepidoptera,ITIS,117232,Order,Animalia,Bilateria,Protostomia,Ecdysozoa,Arthropoda,Hexapoda,NA,Insecta,Pterygota,Neoptera,Holometabola,Lepidoptera,NA,NA,NA,NA,NA,NA,NA,NA,NA,NA,NA,NA,NA,2025-11-16T23:27:45Z,success
Lepismatidae,ITIS,99220,Family,Animalia,Bilateria,Protostomia,Ecdysozoa,Arthropoda,Hexapoda,NA,Insecta,NA,NA,NA,Zygentoma,NA,NA,NA,Lepismatidae,NA,NA,NA,NA,NA,NA,NA,NA,NA,2025-11-16T23:27:46Z,success
Leptacinus,ITIS,186462,Genus,Animalia,Bilateria,Protostomia,Ecdysozoa,Arthropoda,Hexapoda,NA,Insecta,Pterygota,Neoptera,Holometabola,Coleoptera,Polyphaga,Staphyliniformia,Staphylinoidea,Staphylinidae,Staphylininae,NA,NA,Leptacinus,NA,NA,NA,NA,NA,2025-11-16T23:27:46Z,success
Leptothorax,ITIS,574087,Genus,Animalia,Bilateria,Protostomia,Ecdysozoa,Arthropoda,Hexapoda,NA,Insecta,Pterygota,Neoptera,Holometabola,Hymenoptera,Apocrita,Aculeata,Vespoidea,Formicidae,Myrmicinae,Formicoxenini,NA,Leptothorax,NA,NA,NA,NA,NA,2025-11-16T23:27:47Z,success
Ligyrocoris,ITIS,108065,Genus,Animalia,Bilateria,Protostomia,Ecdysozoa,Arthropoda,Hexapoda,NA,Insecta,Pterygota,Neoptera,Acercaria,Hemiptera,Heteroptera,Pentatomomorpha,Lygaeoidea,Rhyparochromidae,Rhyparochrominae,Myodochini,NA,Ligyrocoris,NA,NA,NA,NA,NA,2025-11-16T23:27:48Z,success
Limulodes,GBIF,4760600,Genus,Animalia,NA,NA,NA,Arthropoda,NA,NA,Insecta,NA,NA,NA,Coleoptera,NA,NA,NA,Ptiliidae,NA,NA,NA,Limulodes,NA,NA,NA,NA,NA,2025-11-16T23:27:49Z,success
Linepithema,ITIS,573928,Genus,Animalia,Bilateria,Protostomia,Ecdysozoa,Arthropoda,Hexapoda,NA,Insecta,Pterygota,Neoptera,Holometabola,Hymenoptera,Apocrita,Aculeata,Vespoidea,Formicidae,Dolichoderinae,NA,NA,Linepithema,NA,NA,NA,NA,NA,2025-11-16T23:27:50Z,success
Linepithema humile,ITIS,575041,Species,Animalia,Bilateria,Protostomia,Ecdysozoa,Arthropoda,Hexapoda,NA,Insecta,Pterygota,Neoptera,Holometabola,Hymenoptera,Apocrita,Aculeata,Vespoidea,Formicidae,Dolichoderinae,NA,NA,Linepithema,NA,Linepithema humile,NA,NA,NA,2025-11-16T23:27:50Z,success
Linyphiidae,ITIS,82743,Family,Animalia,Bilateria,Protostomia,Ecdysozoa,Arthropoda,Chelicerata,NA,Arachnida,NA,NA,NA,Araneae,NA,NA,NA,Linyphiidae,NA,NA,NA,NA,NA,NA,NA,NA,NA,2025-11-16T23:27:51Z,success
Liocranidae,ITIS,871529,Family,Animalia,Bilateria,Protostomia,Ecdysozoa,Arthropoda,Chelicerata,NA,Arachnida,NA,NA,NA,Araneae,NA,NA,NA,Liocranidae,NA,NA,NA,NA,NA,NA,NA,NA,NA,2025-11-16T23:27:52Z,success
Liometopum,ITIS,573929,Genus,Animalia,Bilateria,Protostomia,Ecdysozoa,Arthropoda,Hexapoda,NA,Insecta,Pterygota,Neoptera,Holometabola,Hymenoptera,Apocrita,Aculeata,Vespoidea,Formicidae,Dolichoderinae,NA,NA,Liometopum,NA,NA,NA,NA,NA,2025-11-16T23:27:53Z,success
Liorhyssus,ITIS,108513,Genus,Animalia,Bilateria,Protostomia,Ecdysozoa,Arthropoda,Hexapoda,NA,Insecta,Pterygota,Neoptera,Acercaria,Hemiptera,Heteroptera,Pentatomomorpha,Coreoidea,Rhopalidae,Rhopalinae,Rhopalini,NA,Liorhyssus,NA,NA,NA,NA,NA,2025-11-16T23:27:53Z,success
Listroderes,ITIS,187912,Genus,Animalia,Bilateria,Protostomia,Ecdysozoa,Arthropoda,Hexapoda,NA,Insecta,Pterygota,Neoptera,Holometabola,Coleoptera,Polyphaga,Cucujiformia,Curculionoidea,Curculionidae,NA,NA,NA,Listroderes,NA,NA,NA,NA,NA,2025-11-16T23:27:54Z,success
Listrus,GBIF,4713770,Genus,Animalia,NA,NA,NA,Arthropoda,NA,NA,Insecta,NA,NA,NA,Coleoptera,NA,NA,NA,Melyridae,NA,NA,NA,Listrus,NA,NA,NA,NA,NA,2025-11-16T23:27:57Z,success
Lithobiomorpha,ITIS,553110,Order,Animalia,Bilateria,Protostomia,Ecdysozoa,Arthropoda,Myriapoda,NA,Chilopoda,Pleurostigmophora,NA,NA,Lithobiomorpha,NA,NA,NA,NA,NA,NA,NA,NA,NA,NA,NA,NA,NA,2025-11-16T23:27:58Z,success
Lizard,ITIS,173861,NA,Animalia,Bilateria,Deuterostomia,NA,Chordata,Vertebrata,Tetrapoda,Reptilia,NA,NA,NA,Squamata,NA,NA,NA,NA,NA,NA,NA,NA,NA,NA,NA,NA,NA,2025-11-16T23:27:59Z,success
Longitarsus,ITIS,719704,Genus,Animalia,Bilateria,Protostomia,Ecdysozoa,Arthropoda,Hexapoda,NA,Insecta,Pterygota,Neoptera,Holometabola,Coleoptera,Polyphaga,Cucujiformia,Chrysomeloidea,Chrysomelidae,Galerucinae,Alticini,NA,Longitarsus,NA,NA,NA,NA,NA,2025-11-16T23:32:55Z,success
Loxosceles,ITIS,848684,Genus,Animalia,Bilateria,Protostomia,Ecdysozoa,Arthropoda,Chelicerata,NA,Arachnida,NA,NA,NA,Araneae,NA,NA,NA,Sicariidae,NA,NA,NA,Loxosceles,NA,NA,NA,NA,NA,2025-11-16T23:28:00Z,success
Lycaenidae,ITIS,117236,Family,Animalia,Bilateria,Protostomia,Ecdysozoa,Arthropoda,Hexapoda,NA,Insecta,Pterygota,Neoptera,Holometabola,Lepidoptera,NA,NA,Papilionoidea,Lycaenidae,NA,NA,NA,NA,NA,NA,NA,NA,NA,2025-11-16T23:28:00Z,success
Lycoriella,ITIS,122853,Genus,Animalia,Bilateria,Protostomia,Ecdysozoa,Arthropoda,Hexapoda,NA,Insecta,Pterygota,Neoptera,Holometabola,Diptera,Nematocera,Bibionomorpha,NA,Sciaridae,NA,NA,NA,Lycoriella,NA,NA,NA,NA,NA,2025-11-16T23:28:01Z,success
Lycosa,ITIS,848690,Genus,Animalia,Bilateria,Protostomia,Ecdysozoa,Arthropoda,Chelicerata,NA,Arachnida,NA,NA,NA,Araneae,NA,NA,NA,Lycosidae,NA,NA,NA,Lycosa,NA,NA,NA,NA,NA,2025-11-16T23:28:02Z,success
Lycosidae,ITIS,847731,Family,Animalia,Bilateria,Protostomia,Ecdysozoa,Arthropoda,Chelicerata,NA,Arachnida,NA,NA,NA,Araneae,NA,NA,NA,Lycosidae,NA,NA,NA,NA,NA,NA,NA,NA,NA,2025-11-16T23:28:03Z,success
Lyctinae,ITIS,678608,Subfamily,Animalia,Bilateria,Protostomia,Ecdysozoa,Arthropoda,Hexapoda,NA,Insecta,Pterygota,Neoptera,Holometabola,Coleoptera,Polyphaga,Bostrichiformia,Bostrichoidea,Bostrichidae,Lyctinae,NA,NA,NA,NA,NA,NA,NA,NA,2025-11-16T23:28:04Z,success
Lyctocoris,ITIS,107008,Genus,Animalia,Bilateria,Protostomia,Ecdysozoa,Arthropoda,Hexapoda,NA,Insecta,Pterygota,Neoptera,Acercaria,Hemiptera,Heteroptera,Cimicomorpha,Cimicoidea,Anthocoridae,Lyctocorinae,Lyctocorini,NA,Lyctocoris,NA,NA,NA,NA,NA,2025-11-16T23:28:03Z,success
Lygaeidae,ITIS,107674,Family,Animalia,Bilateria,Protostomia,Ecdysozoa,Arthropoda,Hexapoda,NA,Insecta,Pterygota,Neoptera,Acercaria,Hemiptera,Heteroptera,Pentatomomorpha,Lygaeoidea,Lygaeidae,NA,NA,NA,NA,NA,NA,NA,NA,NA,2025-11-16T23:28:05Z,success
Lygaeoidea,ITIS,676847,Superfamily,Animalia,Bilateria,Protostomia,Ecdysozoa,Arthropoda,Hexapoda,NA,Insecta,Pterygota,Neoptera,Acercaria,Hemiptera,Heteroptera,Pentatomomorpha,Lygaeoidea,NA,NA,NA,NA,NA,NA,NA,NA,NA,NA,2025-11-16T23:33:35Z,success
Lygaeus,ITIS,107803,Genus,Animalia,Bilateria,Protostomia,Ecdysozoa,Arthropoda,Hexapoda,NA,Insecta,Pterygota,Neoptera,Acercaria,Hemiptera,Heteroptera,Pentatomomorpha,Lygaeoidea,Lygaeidae,Lygaeinae,NA,NA,Lygaeus,NA,NA,NA,NA,NA,2025-11-16T23:28:05Z,success
Lygaeus kalmii,GBIF,2007859,Species,Animalia,NA,NA,NA,Arthropoda,NA,NA,Insecta,NA,NA,NA,Hemiptera,NA,NA,NA,Lygaeidae,NA,NA,NA,Lygaeus,NA,Lygaeus kalmii,NA,NA,NA,2025-11-16T23:33:01Z,success
Lygus,ITIS,104978,Genus,Animalia,Bilateria,Protostomia,Ecdysozoa,Arthropoda,Hexapoda,NA,Insecta,Pterygota,Neoptera,Acercaria,Hemiptera,Heteroptera,Cimicomorpha,Miroidea,Miridae,Mirinae,Mirini,NA,Lygus,NA,NA,NA,NA,NA,2025-11-16T23:28:06Z,success
Lytta,ITIS,114403,Genus,Animalia,Bilateria,Protostomia,Ecdysozoa,Arthropoda,Hexapoda,NA,Insecta,Pterygota,Neoptera,Holometabola,Coleoptera,Polyphaga,Cucujiformia,Tenebrionoidea,Meloidae,Meloinae,Lyttini,NA,Lytta,NA,NA,NA,NA,NA,2025-11-16T23:28:07Z,success
Lytta magister,ITIS,731730,Species,Animalia,Bilateria,Protostomia,Ecdysozoa,Arthropoda,Hexapoda,NA,Insecta,Pterygota,Neoptera,Holometabola,Coleoptera,Polyphaga,Cucujiformia,Tenebrionoidea,Meloidae,Meloinae,Lyttini,NA,Lytta,Lytta (Paralytta),Lytta magister,NA,NA,NA,2025-11-16T23:33:18Z,success
Macrorhoptus,ITIS,616909,Genus,Animalia,Bilateria,Protostomia,Ecdysozoa,Arthropoda,Hexapoda,NA,Insecta,Pterygota,Neoptera,Holometabola,Coleoptera,Polyphaga,Cucujiformia,Curculionoidea,Curculionidae,NA,NA,NA,Macrorhoptus,NA,NA,NA,NA,NA,2025-11-16T23:32:29Z,success
Mantidae,ITIS,102396,Family,Animalia,Bilateria,Protostomia,Ecdysozoa,Arthropoda,Hexapoda,NA,Insecta,Pterygota,Neoptera,Polyneoptera,Mantodea,Mantodea,NA,NA,Mantidae,NA,NA,NA,NA,NA,NA,NA,NA,NA,2025-11-16T23:28:08Z,success
Mantodea,ITIS,666589,Suborder,Animalia,Bilateria,Protostomia,Ecdysozoa,Arthropoda,Hexapoda,NA,Insecta,Pterygota,Neoptera,Polyneoptera,Mantodea,Mantodea,NA,NA,NA,NA,NA,NA,NA,NA,NA,NA,NA,NA,2025-11-16T23:28:09Z,success
Margarinotus,ITIS,728598,Genus,Animalia,Bilateria,Protostomia,Ecdysozoa,Arthropoda,Hexapoda,NA,Insecta,Pterygota,Neoptera,Holometabola,Coleoptera,Polyphaga,Staphyliniformia,Histeroidea,Histeridae,Histerinae,Histerini,NA,Margarinotus,NA,NA,NA,NA,NA,2025-11-16T23:32:23Z,success
Marietta,GBIF,1365732,Genus,Animalia,NA,NA,NA,Arthropoda,NA,NA,Insecta,NA,NA,NA,Hymenoptera,NA,NA,NA,Aphelinidae,NA,NA,NA,Marietta,NA,NA,NA,NA,NA,2025-11-16T23:28:10Z,success
Mecaphesa,GBIF,2166592,Genus,Animalia,NA,NA,NA,Arthropoda,NA,NA,Arachnida,NA,NA,NA,Araneae,NA,NA,NA,Thomisidae,NA,NA,NA,Mecaphesa,NA,NA,NA,NA,NA,2025-11-16T23:33:50Z,success
Mecidea,ITIS,108744,Genus,Animalia,Bilateria,Protostomia,Ecdysozoa,Arthropoda,Hexapoda,NA,Insecta,Pterygota,Neoptera,Acercaria,Hemiptera,Heteroptera,Pentatomomorpha,Pentatomoidea,Pentatomidae,Pentatominae,Mecideini,NA,Mecidea,NA,NA,NA,NA,NA,2025-11-16T23:28:12Z,success
Mecinus,ITIS,616914,Genus,Animalia,Bilateria,Protostomia,Ecdysozoa,Arthropoda,Hexapoda,NA,Insecta,Pterygota,Neoptera,Holometabola,Coleoptera,Polyphaga,Cucujiformia,Curculionoidea,Curculionidae,NA,NA,NA,Mecinus,NA,NA,NA,NA,NA,2025-11-16T23:32:41Z,success
Megachilidae,ITIS,154365,Family,Animalia,Bilateria,Protostomia,Ecdysozoa,Arthropoda,Hexapoda,NA,Insecta,Pterygota,Neoptera,Holometabola,Hymenoptera,Apocrita,Aculeata,Apoidea,Megachilidae,NA,NA,NA,NA,NA,NA,NA,NA,NA,2025-11-16T23:28:14Z,success
Megalostomis,ITIS,719776,Genus,Animalia,Bilateria,Protostomia,Ecdysozoa,Arthropoda,Hexapoda,NA,Insecta,Pterygota,Neoptera,Holometabola,Coleoptera,Polyphaga,Cucujiformia,Chrysomeloidea,Chrysomelidae,Cryptocephalinae,Clytrini,NA,Megalostomis,NA,NA,NA,NA,NA,2025-11-16T23:28:14Z,success
Megapenthes,GBIF,4405490,Genus,Animalia,NA,NA,NA,Arthropoda,NA,NA,Insecta,NA,NA,NA,Coleoptera,NA,NA,NA,Elateridae,NA,NA,NA,Megapenthes,NA,NA,NA,NA,NA,2025-11-16T23:28:13Z,success
Megaspilidae,ITIS,610669,Family,Animalia,Bilateria,Protostomia,Ecdysozoa,Arthropoda,Hexapoda,NA,Insecta,Pterygota,Neoptera,Holometabola,Hymenoptera,Apocrita,Terebrantes,Ceraphronoidea,Megaspilidae,NA,NA,NA,NA,NA,NA,NA,NA,NA,2025-11-16T23:28:15Z,success
Meghyperus,ITIS,136821,Genus,Animalia,Bilateria,Protostomia,Ecdysozoa,Arthropoda,Hexapoda,NA,Insecta,Pterygota,Neoptera,Holometabola,Diptera,Brachycera,Muscomorpha,NA,Atelestidae,NA,NA,NA,Meghyperus,NA,NA,NA,NA,NA,2025-11-16T23:28:16Z,success
Meinertellidae,ITIS,685010,Family,Animalia,Bilateria,Protostomia,Ecdysozoa,Arthropoda,Hexapoda,NA,Insecta,NA,NA,NA,Archaeognatha,NA,NA,NA,Meinertellidae,NA,NA,NA,NA,NA,NA,NA,NA,NA,2025-11-16T23:28:16Z,success
Melacoryphus,GBIF,4771169,Genus,Animalia,NA,NA,NA,Arthropoda,NA,NA,Insecta,NA,NA,NA,Hemiptera,NA,NA,NA,Lygaeidae,NA,NA,NA,Melacoryphus,NA,NA,NA,NA,NA,2025-11-16T23:33:49Z,success
Melanaethus,ITIS,108581,Genus,Animalia,Bilateria,Protostomia,Ecdysozoa,Arthropoda,Hexapoda,NA,Insecta,Pterygota,Neoptera,Acercaria,Hemiptera,Heteroptera,Pentatomomorpha,Pentatomoidea,Cydnidae,Cydninae,NA,NA,Melanaethus,NA,NA,NA,NA,NA,2025-11-16T23:28:18Z,success
Melanalia,ITIS,724590,Genus,Animalia,Bilateria,Protostomia,Ecdysozoa,Arthropoda,Hexapoda,NA,Insecta,Pterygota,Neoptera,Holometabola,Coleoptera,Polyphaga,Staphyliniformia,Staphylinoidea,Staphylinidae,Aleocharinae,Oxypodini,NA,Melanalia,NA,NA,NA,NA,NA,2025-11-16T23:28:18Z,success
Melanophthalma,GBIF,3263319,Genus,Animalia,NA,NA,NA,Arthropoda,NA,NA,Insecta,NA,NA,NA,Coleoptera,NA,NA,NA,Latridiidae,NA,NA,NA,Melanophthalma,NA,NA,NA,NA,NA,2025-11-16T23:28:20Z,success
Melittidae,ITIS,154364,Family,Animalia,Bilateria,Protostomia,Ecdysozoa,Arthropoda,Hexapoda,NA,Insecta,Pterygota,Neoptera,Holometabola,Hymenoptera,Apocrita,Aculeata,Apoidea,Melittidae,NA,NA,NA,NA,NA,NA,NA,NA,NA,2025-11-16T23:28:20Z,success
Meloidae,ITIS,114387,Family,Animalia,Bilateria,Protostomia,Ecdysozoa,Arthropoda,Hexapoda,NA,Insecta,Pterygota,Neoptera,Holometabola,Coleoptera,Polyphaga,Cucujiformia,Tenebrionoidea,Meloidae,NA,NA,NA,NA,NA,NA,NA,NA,NA,2025-11-16T23:28:22Z,success
Melpomene,ITIS,872483,Genus,Animalia,Bilateria,Protostomia,Ecdysozoa,Arthropoda,Chelicerata,NA,Arachnida,NA,NA,NA,Araneae,NA,NA,NA,Agelenidae,NA,NA,NA,Melpomene,NA,NA,NA,NA,NA,2025-11-16T23:32:19Z,success
Melyridae,ITIS,113869,Family,Animalia,Bilateria,Protostomia,Ecdysozoa,Arthropoda,Hexapoda,NA,Insecta,Pterygota,Neoptera,Holometabola,Coleoptera,Polyphaga,Cucujiformia,Cleroidea,Melyridae,NA,NA,NA,NA,NA,NA,NA,NA,NA,2025-11-16T23:28:22Z,success
Membracidae,ITIS,109170,Family,Animalia,Bilateria,Protostomia,Ecdysozoa,Arthropoda,Hexapoda,NA,Insecta,Pterygota,Neoptera,Acercaria,Hemiptera,Auchenorrhyncha,Cicadomorpha,Membracoidea,Membracidae,NA,NA,NA,NA,NA,NA,NA,NA,NA,2025-11-16T23:28:23Z,success
Meristhus,GBIF,4768928,Genus,Animalia,NA,NA,NA,Arthropoda,NA,NA,Insecta,NA,NA,NA,Coleoptera,NA,NA,NA,Elateridae,NA,NA,NA,Meristhus,NA,NA,NA,NA,NA,2025-11-16T23:28:24Z,success
Mermessus,ITIS,848771,Genus,Animalia,Bilateria,Protostomia,Ecdysozoa,Arthropoda,Chelicerata,NA,Arachnida,NA,NA,NA,Araneae,NA,NA,NA,Linyphiidae,NA,NA,NA,Mermessus,NA,NA,NA,NA,NA,2025-11-16T23:26:33Z,success
Messor,ITIS,574099,Genus,Animalia,Bilateria,Protostomia,Ecdysozoa,Arthropoda,Hexapoda,NA,Insecta,Pterygota,Neoptera,Holometabola,Hymenoptera,Apocrita,Aculeata,Vespoidea,Formicidae,Myrmicinae,Pheidolini,NA,Messor,NA,NA,NA,NA,NA,2025-11-16T23:28:25Z,success
Metaphidippus,ITIS,872498,Genus,Animalia,Bilateria,Protostomia,Ecdysozoa,Arthropoda,Chelicerata,NA,Arachnida,NA,NA,NA,Araneae,NA,NA,NA,Salticidae,NA,NA,NA,Metaphidippus,NA,NA,NA,NA,NA,2025-11-16T23:28:26Z,success
Metepeira,ITIS,848788,Genus,Animalia,Bilateria,Protostomia,Ecdysozoa,Arthropoda,Chelicerata,NA,Arachnida,NA,NA,NA,Araneae,NA,NA,NA,Araneidae,NA,NA,NA,Metepeira,NA,NA,NA,NA,NA,2025-11-16T23:28:26Z,success
Metopoloba,GBIF,4723790,Genus,Animalia,NA,NA,NA,Arthropoda,NA,NA,Insecta,NA,NA,NA,Coleoptera,NA,NA,NA,Tenebrionidae,NA,NA,NA,Metopoloba,NA,NA,NA,NA,NA,2025-11-16T23:28:29Z,success
Metoponium,GBIF,4723964,Genus,Animalia,NA,NA,NA,Arthropoda,NA,NA,Insecta,NA,NA,NA,Coleoptera,NA,NA,NA,Tenebrionidae,NA,NA,NA,Metoponium,NA,NA,NA,NA,NA,2025-11-16T23:28:28Z,success
Micaria,ITIS,185557,Genus,Animalia,Bilateria,Protostomia,Ecdysozoa,Arthropoda,Chelicerata,NA,Arachnida,NA,NA,NA,Araneae,NA,NA,NA,Gnaphosidae,NA,NA,NA,Micaria,NA,NA,NA,NA,NA,2025-11-16T23:28:29Z,success
Micrathena,ITIS,848796,Genus,Animalia,Bilateria,Protostomia,Ecdysozoa,Arthropoda,Chelicerata,NA,Arachnida,NA,NA,NA,Araneae,NA,NA,NA,Araneidae,NA,NA,NA,Micrathena,NA,NA,NA,NA,NA,2025-11-16T23:28:30Z,success
Microporus,ITIS,108596,Genus,Animalia,Bilateria,Protostomia,Ecdysozoa,Arthropoda,Hexapoda,NA,Insecta,Pterygota,Neoptera,Acercaria,Hemiptera,Heteroptera,Pentatomomorpha,Pentatomoidea,Cydnidae,Cydninae,NA,NA,Microporus,NA,NA,NA,NA,NA,2025-11-16T23:28:32Z,success
Migneauxia,GBIF,7816303,Genus,Animalia,NA,NA,NA,Arthropoda,NA,NA,Insecta,NA,NA,NA,Coleoptera,NA,NA,NA,Latridiidae,NA,NA,NA,Migneauxia,NA,NA,NA,NA,NA,2025-11-16T23:28:34Z,success
Migneauxia lederi,GBIF,4450839,Species,Animalia,NA,NA,NA,Arthropoda,NA,NA,Insecta,NA,NA,NA,Coleoptera,NA,NA,NA,Latridiidae,NA,NA,NA,Migneauxia,NA,Migneauxia lederi,NA,NA,NA,2025-11-16T23:33:20Z,success
Milichiidae,ITIS,144487,Family,Animalia,Bilateria,Protostomia,Ecdysozoa,Arthropoda,Hexapoda,NA,Insecta,Pterygota,Neoptera,Holometabola,Diptera,Brachycera,Muscomorpha,NA,Milichiidae,NA,NA,NA,NA,NA,NA,NA,NA,NA,2025-11-16T23:28:34Z,success
Mimetidae,ITIS,847738,Family,Animalia,Bilateria,Protostomia,Ecdysozoa,Arthropoda,Chelicerata,NA,Arachnida,NA,NA,NA,Araneae,NA,NA,NA,Mimetidae,NA,NA,NA,NA,NA,NA,NA,NA,NA,2025-11-16T23:28:35Z,success
Mimetus,ITIS,848823,Genus,Animalia,Bilateria,Protostomia,Ecdysozoa,Arthropoda,Chelicerata,NA,Arachnida,NA,NA,NA,Araneae,NA,NA,NA,Mimetidae,NA,NA,NA,Mimetus,NA,NA,NA,NA,NA,2025-11-16T23:28:36Z,success
Mimosestes,ITIS,187752,Genus,Animalia,Bilateria,Protostomia,Ecdysozoa,Arthropoda,Hexapoda,NA,Insecta,Pterygota,Neoptera,Holometabola,Coleoptera,Polyphaga,Cucujiformia,Chrysomeloidea,Chrysomelidae,Bruchinae,NA,NA,Mimosestes,NA,NA,NA,NA,NA,2025-11-16T23:32:43Z,success
Miridae,ITIS,104419,Family,Animalia,Bilateria,Protostomia,Ecdysozoa,Arthropoda,Hexapoda,NA,Insecta,Pterygota,Neoptera,Acercaria,Hemiptera,Heteroptera,Cimicomorpha,Miroidea,Miridae,NA,NA,NA,NA,NA,NA,NA,NA,NA,2025-11-16T23:28:36Z,success
Misumena,ITIS,872521,Genus,Animalia,Bilateria,Protostomia,Ecdysozoa,Arthropoda,Chelicerata,NA,Arachnida,NA,NA,NA,Araneae,NA,NA,NA,Thomisidae,NA,NA,NA,Misumena,NA,NA,NA,NA,NA,2025-11-16T23:32:31Z,success
Misumenops,ITIS,872523,Genus,Animalia,Bilateria,Protostomia,Ecdysozoa,Arthropoda,Chelicerata,NA,Arachnida,NA,NA,NA,Araneae,NA,NA,NA,Thomisidae,NA,NA,NA,Misumenops,NA,NA,NA,NA,NA,2025-11-16T23:28:37Z,success
Miturgidae,ITIS,871530,Family,Animalia,Bilateria,Protostomia,Ecdysozoa,Arthropoda,Chelicerata,NA,Arachnida,NA,NA,NA,Araneae,NA,NA,NA,Miturgidae,NA,NA,NA,NA,NA,NA,NA,NA,NA,2025-11-16T23:28:38Z,success
Mogoplistidae,ITIS,650506,Family,Animalia,Bilateria,Protostomia,Ecdysozoa,Arthropoda,Hexapoda,NA,Insecta,Pterygota,Neoptera,Polyneoptera,Orthoptera,Ensifera,Gryllidea,Mogoplistoidea,Mogoplistidae,NA,NA,NA,NA,NA,NA,NA,NA,NA,2025-11-16T23:28:38Z,success
Monomorium,ITIS,154219,Genus,Animalia,Bilateria,Protostomia,Ecdysozoa,Arthropoda,Hexapoda,NA,Insecta,Pterygota,Neoptera,Holometabola,Hymenoptera,Apocrita,Aculeata,Vespoidea,Formicidae,Myrmicinae,Solenopsidini,NA,Monomorium,NA,NA,NA,NA,NA,2025-11-16T23:28:39Z,success
Monotoma,ITIS,187163,Genus,Animalia,Bilateria,Protostomia,Ecdysozoa,Arthropoda,Hexapoda,NA,Insecta,Pterygota,Neoptera,Holometabola,Coleoptera,Polyphaga,Cucujiformia,Nitiduloidea,Monotomidae,Monotominae,Monotomini,NA,Monotoma,NA,NA,NA,NA,NA,2025-11-16T23:28:41Z,success
Monotomidae,ITIS,678346,Family,Animalia,Bilateria,Protostomia,Ecdysozoa,Arthropoda,Hexapoda,NA,Insecta,Pterygota,Neoptera,Holometabola,Coleoptera,Polyphaga,Cucujiformia,Nitiduloidea,Monotomidae,NA,NA,NA,NA,NA,NA,NA,NA,NA,2025-11-16T23:28:42Z,success
Monoxia,ITIS,187782,Genus,Animalia,Bilateria,Protostomia,Ecdysozoa,Arthropoda,Hexapoda,NA,Insecta,Pterygota,Neoptera,Holometabola,Coleoptera,Polyphaga,Cucujiformia,Chrysomeloidea,Chrysomelidae,Galerucinae,Galerucini,NA,Monoxia,NA,NA,NA,NA,NA,2025-11-16T23:32:42Z,success
Mordella,ITIS,114384,Genus,Animalia,Bilateria,Protostomia,Ecdysozoa,Arthropoda,Hexapoda,NA,Insecta,Pterygota,Neoptera,Holometabola,Coleoptera,Polyphaga,Cucujiformia,Tenebrionoidea,Mordellidae,Mordellinae,Mordellini,NA,Mordella,NA,NA,NA,NA,NA,2025-11-16T23:32:30Z,success
Muscidae,ITIS,150025,Family,Animalia,Bilateria,Protostomia,Ecdysozoa,Arthropoda,Hexapoda,NA,Insecta,Pterygota,Neoptera,Holometabola,Diptera,Brachycera,Muscomorpha,NA,Muscidae,NA,NA,NA,NA,NA,NA,NA,NA,NA,2025-11-16T23:28:44Z,success
Mutillidae,ITIS,154181,Family,Animalia,Bilateria,Protostomia,Ecdysozoa,Arthropoda,Hexapoda,NA,Insecta,Pterygota,Neoptera,Holometabola,Hymenoptera,Apocrita,Aculeata,Vespoidea,Mutillidae,NA,NA,NA,NA,NA,NA,NA,NA,NA,2025-11-16T23:28:44Z,success
Mycetophagidae,ITIS,114376,Family,Animalia,Bilateria,Protostomia,Ecdysozoa,Arthropoda,Hexapoda,NA,Insecta,Pterygota,Neoptera,Holometabola,Coleoptera,Polyphaga,Cucujiformia,Tenebrionoidea,Mycetophagidae,NA,NA,NA,NA,NA,NA,NA,NA,NA,2025-11-16T23:28:45Z,success
Mycetophilidae,ITIS,121636,Family,Animalia,Bilateria,Protostomia,Ecdysozoa,Arthropoda,Hexapoda,NA,Insecta,Pterygota,Neoptera,Holometabola,Diptera,Nematocera,Bibionomorpha,NA,Mycetophilidae,NA,NA,NA,NA,NA,NA,NA,NA,NA,2025-11-16T23:32:00Z,success
Mymaridae,ITIS,153659,Family,Animalia,Bilateria,Protostomia,Ecdysozoa,Arthropoda,Hexapoda,NA,Insecta,Pterygota,Neoptera,Holometabola,Hymenoptera,Apocrita,Terebrantes,Chalcidoidea,Mymaridae,NA,NA,NA,NA,NA,NA,NA,NA,NA,2025-11-16T23:28:46Z,success
Myrmecocystus,ITIS,573974,Genus,Animalia,Bilateria,Protostomia,Ecdysozoa,Arthropoda,Hexapoda,NA,Insecta,Pterygota,Neoptera,Holometabola,Hymenoptera,Apocrita,Aculeata,Vespoidea,Formicidae,Formicinae,Lasiini,NA,Myrmecocystus,NA,NA,NA,NA,NA,2025-11-16T23:28:47Z,success
Myrmecocystus (Endiodioctes),GBIF,4675167,Genus,Animalia,NA,NA,NA,Arthropoda,NA,NA,Insecta,NA,NA,NA,Hymenoptera,NA,NA,NA,Formicidae,NA,NA,NA,Endiodioctes,NA,NA,NA,NA,NA,2025-11-16T23:33:31Z,success
Myrmeleontidae,ITIS,115093,Family,Animalia,Bilateria,Protostomia,Ecdysozoa,Arthropoda,Hexapoda,NA,Insecta,Pterygota,Neoptera,Holometabola,Neuroptera,Myrmeleontiformia,NA,Myrmeleontoidea,Myrmeleontidae,NA,NA,NA,NA,NA,NA,NA,NA,NA,2025-11-16T23:28:48Z,success
Myrmicinae,ITIS,573828,Subfamily,Animalia,Bilateria,Protostomia,Ecdysozoa,Arthropoda,Hexapoda,NA,Insecta,Pterygota,Neoptera,Holometabola,Hymenoptera,Apocrita,Aculeata,Vespoidea,Formicidae,Myrmicinae,NA,NA,NA,NA,NA,NA,NA,NA,2025-11-16T23:28:48Z,success
Myrmosidae,GBIF,7494119,Family,Animalia,NA,NA,NA,Arthropoda,NA,NA,Insecta,NA,NA,NA,Hymenoptera,NA,NA,NA,Myrmosidae,NA,NA,NA,NA,NA,NA,NA,NA,NA,2025-11-16T23:33:26Z,success
Myrmosula,GBIF,4573021,Genus,Animalia,NA,NA,NA,Arthropoda,NA,NA,Insecta,NA,NA,NA,Hymenoptera,NA,NA,NA,Myrmosidae,NA,NA,NA,Myrmosula,NA,NA,NA,NA,NA,2025-11-16T23:33:39Z,success
Mythicomyia,ITIS,134157,Genus,Animalia,Bilateria,Protostomia,Ecdysozoa,Arthropoda,Hexapoda,NA,Insecta,Pterygota,Neoptera,Holometabola,Diptera,Brachycera,Muscomorpha,NA,Bombyliidae,Mythicomyiinae,Mythicomyiini,NA,Mythicomyia,NA,NA,NA,NA,NA,2025-11-16T23:32:26Z,success
Nabidae,ITIS,107084,Family,Animalia,Bilateria,Protostomia,Ecdysozoa,Arthropoda,Hexapoda,NA,Insecta,Pterygota,Neoptera,Acercaria,Hemiptera,Heteroptera,Cimicomorpha,Cimicoidea,Nabidae,NA,NA,NA,NA,NA,NA,NA,NA,NA,2025-11-16T23:28:49Z,success
Nabis,ITIS,107115,Genus,Animalia,Bilateria,Protostomia,Ecdysozoa,Arthropoda,Hexapoda,NA,Insecta,Pterygota,Neoptera,Acercaria,Hemiptera,Heteroptera,Cimicomorpha,Cimicoidea,Nabidae,Nabinae,NA,NA,Nabis,NA,NA,NA,NA,NA,2025-11-16T23:28:50Z,success
Neacoryphus,ITIS,107832,Genus,Animalia,Bilateria,Protostomia,Ecdysozoa,Arthropoda,Hexapoda,NA,Insecta,Pterygota,Neoptera,Acercaria,Hemiptera,Heteroptera,Pentatomomorpha,Lygaeoidea,Lygaeidae,Lygaeinae,NA,NA,Neacoryphus,NA,NA,NA,NA,NA,2025-11-16T23:32:18Z,success
Neacoryphus lateralis,ITIS,107838,Species,Animalia,Bilateria,Protostomia,Ecdysozoa,Arthropoda,Hexapoda,NA,Insecta,Pterygota,Neoptera,Acercaria,Hemiptera,Heteroptera,Pentatomomorpha,Lygaeoidea,Lygaeidae,Lygaeinae,NA,NA,Neacoryphus,NA,Neacoryphus lateralis,NA,NA,NA,2025-11-16T23:28:51Z,success
Neivamyrmex,ITIS,573945,Genus,Animalia,Bilateria,Protostomia,Ecdysozoa,Arthropoda,Hexapoda,NA,Insecta,Pterygota,Neoptera,Holometabola,Hymenoptera,Apocrita,Aculeata,Vespoidea,Formicidae,Ecitoninae,Ecitonini,NA,Neivamyrmex,NA,NA,NA,NA,NA,2025-11-16T23:28:52Z,success
Nematoda,ITIS,59490,Phylum,Animalia,Bilateria,Protostomia,Ecdysozoa,Nematoda,NA,NA,NA,NA,NA,NA,NA,NA,NA,NA,NA,NA,NA,NA,NA,NA,NA,NA,NA,NA,2025-11-16T23:28:52Z,success
Neoanagraphis,ITIS,872571,Genus,Animalia,Bilateria,Protostomia,Ecdysozoa,Arthropoda,Chelicerata,NA,Arachnida,NA,NA,NA,Araneae,NA,NA,NA,Liocranidae,NA,NA,NA,Neoanagraphis,NA,NA,NA,NA,NA,2025-11-16T23:28:53Z,success
Neobisnius,GBIF,4406336,Genus,Animalia,NA,NA,NA,Arthropoda,NA,NA,Insecta,NA,NA,NA,Coleoptera,NA,NA,NA,Staphylinidae,NA,NA,NA,Neobisnius,NA,NA,NA,NA,NA,2025-11-16T23:28:54Z,success
Nephila,ITIS,848915,Genus,Animalia,Bilateria,Protostomia,Ecdysozoa,Arthropoda,Chelicerata,NA,Arachnida,NA,NA,NA,Araneae,NA,NA,NA,Araneidae,NA,NA,NA,Nephila,NA,NA,NA,NA,NA,2025-11-16T23:32:33Z,success
Nesticidae,ITIS,847742,Family,Animalia,Bilateria,Protostomia,Ecdysozoa,Arthropoda,Chelicerata,NA,Arachnida,NA,NA,NA,Araneae,NA,NA,NA,Nesticidae,NA,NA,NA,NA,NA,NA,NA,NA,NA,2025-11-16T23:28:55Z,success
Neurocolpus,ITIS,105035,Genus,Animalia,Bilateria,Protostomia,Ecdysozoa,Arthropoda,Hexapoda,NA,Insecta,Pterygota,Neoptera,Acercaria,Hemiptera,Heteroptera,Cimicomorpha,Miroidea,Miridae,Mirinae,Mirini,NA,Neurocolpus,NA,NA,NA,NA,NA,2025-11-16T23:28:56Z,success
Neuroptera,ITIS,114999,Order,Animalia,Bilateria,Protostomia,Ecdysozoa,Arthropoda,Hexapoda,NA,Insecta,Pterygota,Neoptera,Holometabola,Neuroptera,NA,NA,NA,NA,NA,NA,NA,NA,NA,NA,NA,NA,NA,2025-11-16T23:25:19Z,success
Niesthrea,ITIS,108508,Genus,Animalia,Bilateria,Protostomia,Ecdysozoa,Arthropoda,Hexapoda,NA,Insecta,Pterygota,Neoptera,Acercaria,Hemiptera,Heteroptera,Pentatomomorpha,Coreoidea,Rhopalidae,Rhopalinae,Niesthreini,NA,Niesthrea,NA,NA,NA,NA,NA,2025-11-16T23:28:56Z,success
Nitidulidae,ITIS,114290,Family,Animalia,Bilateria,Protostomia,Ecdysozoa,Arthropoda,Hexapoda,NA,Insecta,Pterygota,Neoptera,Holometabola,Coleoptera,Polyphaga,Cucujiformia,Nitiduloidea,Nitidulidae,NA,NA,NA,NA,NA,NA,NA,NA,NA,2025-11-16T23:28:57Z,success
Nocibiotes,GBIF,4722194,Genus,Animalia,NA,NA,NA,Arthropoda,NA,NA,Insecta,NA,NA,NA,Coleoptera,NA,NA,NA,Tenebrionidae,NA,NA,NA,Nocibiotes,NA,NA,NA,NA,NA,2025-11-16T23:28:58Z,success
Nocibiotes granulatus,GBIF,9716533,Species,Animalia,NA,NA,NA,Arthropoda,NA,NA,Insecta,NA,NA,NA,Coleoptera,NA,NA,NA,Tenebrionidae,NA,NA,NA,Nocibiotes,NA,Nocibiotes granulatus,NA,NA,NA,2025-11-16T23:27:05Z,success
Noctuidae,ITIS,117318,Family,Animalia,Bilateria,Protostomia,Ecdysozoa,Arthropoda,Hexapoda,NA,Insecta,Pterygota,Neoptera,Holometabola,Lepidoptera,NA,NA,Noctuoidea,Noctuidae,NA,NA,NA,NA,NA,NA,NA,NA,NA,2025-11-16T23:33:02Z,success
Nothridae,ITIS,733417,Family,Animalia,Bilateria,Protostomia,Ecdysozoa,Arthropoda,Chelicerata,NA,Arachnida,NA,NA,Acariformes,Sarcoptiformes,Oribatida,Holosomata,Crotonioidea,Nothridae,NA,NA,NA,NA,NA,NA,NA,NA,NA,2025-11-16T23:32:05Z,success
Nothrus,ITIS,702185,Genus,NA,NA,NA,NA,NA,NA,NA,NA,NA,NA,NA,NA,NA,NA,NA,NA,NA,NA,NA,Nothrus,NA,NA,NA,NA,NA,2025-11-16T23:32:52Z,success
Notibius,GBIF,4722618,Genus,Animalia,NA,NA,NA,Arthropoda,NA,NA,Insecta,NA,NA,NA,Coleoptera,NA,NA,NA,Tenebrionidae,NA,NA,NA,Notibius,NA,NA,NA,NA,NA,2025-11-16T23:28:59Z,success
Notiobia,ITIS,111139,Genus,Animalia,Bilateria,Protostomia,Ecdysozoa,Arthropoda,Hexapoda,NA,Insecta,Pterygota,Neoptera,Holometabola,Coleoptera,Adephaga,NA,NA,Carabidae,Harpalinae,Harpalini,NA,Notiobia,NA,NA,NA,NA,NA,2025-11-16T23:32:46Z,success
Notiophilus,ITIS,109532,Genus,Animalia,Bilateria,Protostomia,Ecdysozoa,Arthropoda,Hexapoda,NA,Insecta,Pterygota,Neoptera,Holometabola,Coleoptera,Adephaga,NA,NA,Carabidae,Nebriinae,Notiophilini,NA,Notiophilus,NA,NA,NA,NA,NA,2025-11-16T23:29:00Z,success
Notoxus,ITIS,114406,Genus,Animalia,Bilateria,Protostomia,Ecdysozoa,Arthropoda,Hexapoda,NA,Insecta,Pterygota,Neoptera,Holometabola,Coleoptera,Polyphaga,Cucujiformia,Tenebrionoidea,Anthicidae,Notoxinae,NA,NA,Notoxus,NA,NA,NA,NA,NA,2025-11-16T23:29:01Z,success
Novomessor cockerelli,GBIF,11772898,Species,Animalia,NA,NA,NA,Arthropoda,NA,NA,Insecta,NA,NA,NA,Hymenoptera,NA,NA,NA,Formicidae,NA,NA,NA,Novomessor,NA,Novomessor cockerelli,NA,NA,NA,2025-11-16T23:24:14Z,success
Nylanderia,GBIF,4673740,Genus,Animalia,NA,NA,NA,Arthropoda,NA,NA,Insecta,NA,NA,NA,Hymenoptera,NA,NA,NA,Formicidae,NA,NA,NA,Nylanderia,NA,NA,NA,NA,NA,2025-11-16T23:33:29Z,success
Nysius,ITIS,107868,Genus,Animalia,Bilateria,Protostomia,Ecdysozoa,Arthropoda,Hexapoda,NA,Insecta,Pterygota,Neoptera,Acercaria,Hemiptera,Heteroptera,Pentatomomorpha,Lygaeoidea,Lygaeidae,Orsillinae,Nysiini,NA,Nysius,NA,NA,NA,NA,NA,2025-11-16T23:29:02Z,success
Odontomachus,ITIS,574200,Genus,Animalia,Bilateria,Protostomia,Ecdysozoa,Arthropoda,Hexapoda,NA,Insecta,Pterygota,Neoptera,Holometabola,Hymenoptera,Apocrita,Aculeata,Vespoidea,Formicidae,Ponerinae,Ponerini,NA,Odontomachus,NA,NA,NA,NA,NA,2025-11-16T23:29:02Z,success
Odontomachus clarus,ITIS,583616,Species,Animalia,Bilateria,Protostomia,Ecdysozoa,Arthropoda,Hexapoda,NA,Insecta,Pterygota,Neoptera,Holometabola,Hymenoptera,Apocrita,Aculeata,Vespoidea,Formicidae,Ponerinae,Ponerini,NA,Odontomachus,NA,Odontomachus clarus,NA,NA,NA,2025-11-16T23:33:24Z,success
Oeclidius,GBIF,2061259,Genus,Animalia,NA,NA,NA,Arthropoda,NA,NA,Insecta,NA,NA,NA,Hemiptera,NA,NA,NA,Kinnaridae,NA,NA,NA,Oeclidius,NA,NA,NA,NA,NA,2025-11-16T23:29:03Z,success
Oecobiidae,ITIS,847744,Family,Animalia,Bilateria,Protostomia,Ecdysozoa,Arthropoda,Chelicerata,NA,Arachnida,NA,NA,NA,Araneae,NA,NA,NA,Oecobiidae,NA,NA,NA,NA,NA,NA,NA,NA,NA,2025-11-16T23:29:05Z,success
Oecobius,ITIS,848972,Genus,Animalia,Bilateria,Protostomia,Ecdysozoa,Arthropoda,Chelicerata,NA,Arachnida,NA,NA,NA,Araneae,NA,NA,NA,Oecobiidae,NA,NA,NA,Oecobius,NA,NA,NA,NA,NA,2025-11-16T23:29:04Z,success
Oedemeridae,ITIS,114449,Family,Animalia,Bilateria,Protostomia,Ecdysozoa,Arthropoda,Hexapoda,NA,Insecta,Pterygota,Neoptera,Holometabola,Coleoptera,Polyphaga,Cucujiformia,Tenebrionoidea,Oedemeridae,NA,NA,NA,NA,NA,NA,NA,NA,NA,2025-11-16T23:29:06Z,success
Oligota,ITIS,186509,Genus,Animalia,Bilateria,Protostomia,Ecdysozoa,Arthropoda,Hexapoda,NA,Insecta,Pterygota,Neoptera,Holometabola,Coleoptera,Polyphaga,Staphyliniformia,Staphylinoidea,Staphylinidae,Aleocharinae,Hypocyphtini,NA,Oligota,NA,NA,NA,NA,NA,2025-11-16T23:29:08Z,success
Oligotoma nigra,GBIF,4987906,Species,Animalia,NA,NA,NA,Arthropoda,NA,NA,Insecta,NA,NA,NA,Embioptera,NA,NA,NA,Oligotomidae,NA,NA,NA,Oligotoma,NA,Oligotoma nigra,NA,NA,NA,2025-11-16T23:33:53Z,success
Oligotomidae,ITIS,102466,Family,Animalia,Bilateria,Protostomia,Ecdysozoa,Arthropoda,Hexapoda,NA,Insecta,Pterygota,Neoptera,Polyneoptera,Embioptera,NA,NA,NA,Oligotomidae,NA,NA,NA,NA,NA,NA,NA,NA,NA,2025-11-16T23:29:08Z,success
Omorgus,ITIS,929706,Genus,Animalia,Bilateria,Protostomia,Ecdysozoa,Arthropoda,Hexapoda,NA,Insecta,Pterygota,Neoptera,Holometabola,Coleoptera,Polyphaga,Scarabeiformia,Scarabaeoidea,Trogidae,NA,NA,NA,Omorgus,NA,NA,NA,NA,NA,2025-11-16T23:29:09Z,success
Oncerometopus,ITIS,105482,Genus,Animalia,Bilateria,Protostomia,Ecdysozoa,Arthropoda,Hexapoda,NA,Insecta,Pterygota,Neoptera,Acercaria,Hemiptera,Heteroptera,Cimicomorpha,Miroidea,Miridae,Mirinae,Restheniini,NA,Oncerometopus,NA,NA,NA,NA,NA,2025-11-16T23:29:10Z,success
Oncotylus,ITIS,106580,Genus,Animalia,Bilateria,Protostomia,Ecdysozoa,Arthropoda,Hexapoda,NA,Insecta,Pterygota,Neoptera,Acercaria,Hemiptera,Heteroptera,Cimicomorpha,Miroidea,Miridae,Phylinae,Phylini,NA,Oncotylus,NA,NA,NA,NA,NA,2025-11-16T23:29:10Z,success
Onthophagus gazella,ITIS,187521,Species,Animalia,Bilateria,Protostomia,Ecdysozoa,Arthropoda,Hexapoda,NA,Insecta,Pterygota,Neoptera,Holometabola,Coleoptera,Polyphaga,Scarabeiformia,Scarabaeoidea,Scarabaeidae,Scarabaeinae,Onthophagini,NA,Onthophagus,Onthophagus (Digitonthophagus),Onthophagus gazella,NA,NA,NA,2025-11-16T23:32:48Z,success
Oonopidae,ITIS,847745,Family,Animalia,Bilateria,Protostomia,Ecdysozoa,Arthropoda,Chelicerata,NA,Arachnida,NA,NA,NA,Araneae,NA,NA,NA,Oonopidae,NA,NA,NA,NA,NA,NA,NA,NA,NA,2025-11-16T23:29:11Z,success
Operclipygus,ITIS,803873,Genus,Animalia,Bilateria,Protostomia,Ecdysozoa,Arthropoda,Hexapoda,NA,Insecta,Pterygota,Neoptera,Holometabola,Coleoptera,Polyphaga,Staphyliniformia,Histeroidea,Histeridae,Histerinae,Exosternini,NA,Operclipygus,NA,NA,NA,NA,NA,2025-11-16T23:31:35Z,success
Ophryastes,ITIS,616958,Genus,Animalia,Bilateria,Protostomia,Ecdysozoa,Arthropoda,Hexapoda,NA,Insecta,Pterygota,Neoptera,Holometabola,Coleoptera,Polyphaga,Cucujiformia,Curculionoidea,Curculionidae,NA,NA,NA,Ophryastes,NA,NA,NA,NA,NA,2025-11-16T23:29:12Z,success
Opiliones,ITIS,82753,Order,Animalia,Bilateria,Protostomia,Ecdysozoa,Arthropoda,Chelicerata,NA,Arachnida,NA,NA,NA,Opiliones,NA,NA,NA,NA,NA,NA,NA,NA,NA,NA,NA,NA,NA,2025-11-16T23:29:13Z,success
Opsius,ITIS,200124,Genus,Animalia,Bilateria,Protostomia,Ecdysozoa,Arthropoda,Hexapoda,NA,Insecta,Pterygota,Neoptera,Acercaria,Hemiptera,Auchenorrhyncha,Cicadomorpha,Membracoidea,Cicadellidae,NA,NA,NA,Opsius,NA,NA,NA,NA,NA,2025-11-16T23:29:14Z,success
Orchestina,ITIS,848991,Genus,Animalia,Bilateria,Protostomia,Ecdysozoa,Arthropoda,Chelicerata,NA,Arachnida,NA,NA,NA,Araneae,NA,NA,NA,Oonopidae,NA,NA,NA,Orchestina,NA,NA,NA,NA,NA,2025-11-16T23:29:15Z,success
Oribatida,ITIS,733326,Suborder,Animalia,Bilateria,Protostomia,Ecdysozoa,Arthropoda,Chelicerata,NA,Arachnida,NA,NA,Acariformes,Sarcoptiformes,Oribatida,NA,NA,NA,NA,NA,NA,NA,NA,NA,NA,NA,NA,2025-11-16T23:32:06Z,success
Orius,ITIS,106959,Genus,Animalia,Bilateria,Protostomia,Ecdysozoa,Arthropoda,Hexapoda,NA,Insecta,Pterygota,Neoptera,Acercaria,Hemiptera,Heteroptera,Cimicomorpha,Cimicoidea,Anthocoridae,Anthocorinae,Oriini,NA,Orius,NA,NA,NA,NA,NA,2025-11-16T23:29:16Z,success
Orthoperus,ITIS,186939,Genus,Animalia,Bilateria,Protostomia,Ecdysozoa,Arthropoda,Hexapoda,NA,Insecta,Pterygota,Neoptera,Holometabola,Coleoptera,Polyphaga,Cucujiformia,Coccinelloidea,Corylophidae,Corylophinae,Orthoperini,NA,Orthoperus,NA,NA,NA,NA,NA,2025-11-16T23:29:17Z,success
Orthoptera,ITIS,102160,Order,Animalia,Bilateria,Protostomia,Ecdysozoa,Arthropoda,Hexapoda,NA,Insecta,Pterygota,Neoptera,Polyneoptera,Orthoptera,NA,NA,NA,NA,NA,NA,NA,NA,NA,NA,NA,NA,NA,2025-11-16T23:29:18Z,success
Osorius,ITIS,186543,Genus,Animalia,Bilateria,Protostomia,Ecdysozoa,Arthropoda,Hexapoda,NA,Insecta,Pterygota,Neoptera,Holometabola,Coleoptera,Polyphaga,Staphyliniformia,Staphylinoidea,Staphylinidae,Osoriinae,NA,NA,Osorius,NA,NA,NA,NA,NA,2025-11-16T23:29:18Z,success
Oxaeinae,ITIS,633911,Subfamily,Animalia,Bilateria,Protostomia,Ecdysozoa,Arthropoda,Hexapoda,NA,Insecta,Pterygota,Neoptera,Holometabola,Hymenoptera,Apocrita,Aculeata,Apoidea,Andrenidae,Oxaeinae,NA,NA,NA,NA,NA,NA,NA,NA,2025-11-16T23:29:19Z,success
Oxyopes,ITIS,872667,Genus,Animalia,Bilateria,Protostomia,Ecdysozoa,Arthropoda,Chelicerata,NA,Arachnida,NA,NA,NA,Araneae,NA,NA,NA,Oxyopidae,NA,NA,NA,Oxyopes,NA,NA,NA,NA,NA,2025-11-16T23:29:20Z,success
Oxyopidae,ITIS,871532,Family,Animalia,Bilateria,Protostomia,Ecdysozoa,Arthropoda,Chelicerata,NA,Arachnida,NA,NA,NA,Araneae,NA,NA,NA,Oxyopidae,NA,NA,NA,NA,NA,NA,NA,NA,NA,2025-11-16T23:29:21Z,success
Ozognathus,ITIS,696303,Genus,Animalia,Bilateria,Protostomia,Ecdysozoa,Arthropoda,Hexapoda,NA,Insecta,Pterygota,Neoptera,Holometabola,Coleoptera,Polyphaga,Bostrichiformia,Bostrichoidea,Ptinidae,Ernobiinae,NA,NA,Ozognathus,NA,NA,NA,NA,NA,2025-11-16T23:29:21Z,success
Pachybrachis,ITIS,719766,Genus,Animalia,Bilateria,Protostomia,Ecdysozoa,Arthropoda,Hexapoda,NA,Insecta,Pterygota,Neoptera,Holometabola,Coleoptera,Polyphaga,Cucujiformia,Chrysomeloidea,Chrysomelidae,Cryptocephalinae,Cryptocephalini,NA,Pachybrachis,NA,NA,NA,NA,NA,2025-11-16T23:29:22Z,success
Pachycorinae,ITIS,721737,Subfamily,Animalia,Bilateria,Protostomia,Ecdysozoa,Arthropoda,Hexapoda,NA,Insecta,Pterygota,Neoptera,Acercaria,Hemiptera,Heteroptera,Pentatomomorpha,Pentatomoidea,Scutelleridae,Pachycorinae,NA,NA,NA,NA,NA,NA,NA,NA,2025-11-16T23:32:30Z,success
Pachytroctidae,ITIS,103326,Family,Animalia,Bilateria,Protostomia,Ecdysozoa,Arthropoda,Hexapoda,NA,Insecta,Pterygota,Neoptera,Acercaria,Psocodea,Troctomorpha,Nanopsocetae,NA,Pachytroctidae,NA,NA,NA,NA,NA,NA,NA,NA,NA,2025-11-16T23:29:23Z,success
Pagasa,ITIS,107134,Genus,Animalia,Bilateria,Protostomia,Ecdysozoa,Arthropoda,Hexapoda,NA,Insecta,Pterygota,Neoptera,Acercaria,Hemiptera,Heteroptera,Cimicomorpha,Cimicoidea,Nabidae,Prostemmatinae,NA,NA,Pagasa,NA,NA,NA,NA,NA,2025-11-16T23:29:24Z,success
Pangaeus,ITIS,108599,Genus,Animalia,Bilateria,Protostomia,Ecdysozoa,Arthropoda,Hexapoda,NA,Insecta,Pterygota,Neoptera,Acercaria,Hemiptera,Heteroptera,Pentatomomorpha,Pentatomoidea,Cydnidae,Cydninae,NA,NA,Pangaeus,NA,NA,NA,NA,NA,2025-11-16T23:29:25Z,success
Pangaeus bilineatus,ITIS,108602,Species,Animalia,Bilateria,Protostomia,Ecdysozoa,Arthropoda,Hexapoda,NA,Insecta,Pterygota,Neoptera,Acercaria,Hemiptera,Heteroptera,Pentatomomorpha,Pentatomoidea,Cydnidae,Cydninae,NA,NA,Pangaeus,Pangaeus (Homaloporus),Pangaeus bilineatus,NA,NA,NA,2025-11-16T23:33:19Z,success
Papusus,GBIF,4719233,Genus,Animalia,NA,NA,NA,Arthropoda,NA,NA,Insecta,NA,NA,NA,Coleoptera,NA,NA,NA,Staphylinidae,NA,NA,NA,Papusus,NA,NA,NA,NA,NA,2025-11-16T23:29:26Z,success
Parasitidae,ITIS,1118088,Family,Animalia,Bilateria,Protostomia,Ecdysozoa,Arthropoda,Chelicerata,NA,Arachnida,NA,NA,Parasitiformes,Mesostigmata,Monogynaspida,Gamasina,Parasitoidea,Parasitidae,NA,NA,NA,NA,NA,NA,NA,NA,NA,2025-11-16T23:32:09Z,success
Paratrechina,ITIS,154224,Genus,Animalia,Bilateria,Protostomia,Ecdysozoa,Arthropoda,Hexapoda,NA,Insecta,Pterygota,Neoptera,Holometabola,Hymenoptera,Apocrita,Aculeata,Vespoidea,Formicidae,Formicinae,Lasiini,NA,Paratrechina,NA,NA,NA,NA,NA,2025-11-16T23:29:27Z,success
Paratrechina longicornis,ITIS,154225,Species,Animalia,Bilateria,Protostomia,Ecdysozoa,Arthropoda,Hexapoda,NA,Insecta,Pterygota,Neoptera,Holometabola,Hymenoptera,Apocrita,Aculeata,Vespoidea,Formicidae,Formicinae,Lasiini,NA,Paratrechina,NA,Paratrechina longicornis,NA,NA,NA,2025-11-16T23:33:06Z,success
Paravaejovis spinigerus,GBIF,7525188,Species,Animalia,NA,NA,NA,Arthropoda,NA,NA,Arachnida,NA,NA,NA,Scorpiones,NA,NA,NA,Vaejovidae,NA,NA,NA,Paravaejovis,NA,Paravaejovis spinigerus,NA,NA,NA,2025-11-16T23:33:33Z,success
Pardosa,ITIS,849078,Genus,Animalia,Bilateria,Protostomia,Ecdysozoa,Arthropoda,Chelicerata,NA,Arachnida,NA,NA,NA,Araneae,NA,NA,NA,Lycosidae,NA,NA,NA,Pardosa,NA,NA,NA,NA,NA,2025-11-16T23:29:28Z,success
Peckhamia,ITIS,872750,Genus,Animalia,Bilateria,Protostomia,Ecdysozoa,Arthropoda,Chelicerata,NA,Arachnida,NA,NA,NA,Araneae,NA,NA,NA,Salticidae,NA,NA,NA,Peckhamia,NA,NA,NA,NA,NA,2025-11-16T23:29:29Z,success
Pegomya,ITIS,148691,Genus,Animalia,Bilateria,Protostomia,Ecdysozoa,Arthropoda,Hexapoda,NA,Insecta,Pterygota,Neoptera,Holometabola,Diptera,Brachycera,Muscomorpha,NA,Anthomyiidae,Pegomyinae,Pegomyini,NA,Pegomya,NA,NA,NA,NA,NA,2025-11-16T23:33:58Z,success
Pentatomidae,ITIS,108628,Family,Animalia,Bilateria,Protostomia,Ecdysozoa,Arthropoda,Hexapoda,NA,Insecta,Pterygota,Neoptera,Acercaria,Hemiptera,Heteroptera,Pentatomomorpha,Pentatomoidea,Pentatomidae,NA,NA,NA,NA,NA,NA,NA,NA,NA,2025-11-16T23:29:29Z,success
Pentatomoidea,ITIS,676848,Superfamily,Animalia,Bilateria,Protostomia,Ecdysozoa,Arthropoda,Hexapoda,NA,Insecta,Pterygota,Neoptera,Acercaria,Hemiptera,Heteroptera,Pentatomomorpha,Pentatomoidea,NA,NA,NA,NA,NA,NA,NA,NA,NA,NA,2025-11-16T23:33:12Z,success
Pepsis,GBIF,1346073,Genus,Animalia,NA,NA,NA,Arthropoda,NA,NA,Insecta,NA,NA,NA,Hymenoptera,NA,NA,NA,Pompilidae,NA,NA,NA,Pepsis,NA,NA,NA,NA,NA,2025-11-16T23:33:07Z,success
Periplaneta,ITIS,102405,Genus,Animalia,Bilateria,Protostomia,Ecdysozoa,Arthropoda,Hexapoda,NA,Insecta,Pterygota,Neoptera,Polyneoptera,Blattodea,NA,NA,Blattoidea,Blattidae,Blattinae,NA,NA,Periplaneta,NA,NA,NA,NA,NA,2025-11-16T23:33:13Z,success
Periplaneta americana,ITIS,102406,Species,Animalia,Bilateria,Protostomia,Ecdysozoa,Arthropoda,Hexapoda,NA,Insecta,Pterygota,Neoptera,Polyneoptera,Blattodea,NA,NA,Blattoidea,Blattidae,Blattinae,NA,NA,Periplaneta,NA,Periplaneta americana,NA,NA,NA,2025-11-16T23:33:15Z,success
Peucetia,GBIF,2178530,Genus,Animalia,NA,NA,NA,Arthropoda,NA,NA,Arachnida,NA,NA,NA,Araneae,NA,NA,NA,Oxyopidae,NA,NA,NA,Peucetia,NA,NA,NA,NA,NA,2025-11-16T23:33:56Z,success
Phalangiidae,ITIS,1012454,Family,Animalia,Bilateria,Protostomia,Ecdysozoa,Arthropoda,Chelicerata,NA,Arachnida,NA,NA,NA,Opiliones,Eupnoi,NA,Phalangioidea,Phalangiidae,NA,NA,NA,NA,NA,NA,NA,NA,NA,2025-11-16T23:32:49Z,success
Pheidole,ITIS,154226,Genus,Animalia,Bilateria,Protostomia,Ecdysozoa,Arthropoda,Hexapoda,NA,Insecta,Pterygota,Neoptera,Holometabola,Hymenoptera,Apocrita,Aculeata,Vespoidea,Formicidae,Myrmicinae,Pheidolini,NA,Pheidole,NA,NA,NA,NA,NA,2025-11-16T23:29:30Z,success
Pheidole californica,ITIS,580859,Species,Animalia,Bilateria,Protostomia,Ecdysozoa,Arthropoda,Hexapoda,NA,Insecta,Pterygota,Neoptera,Holometabola,Hymenoptera,Apocrita,Aculeata,Vespoidea,Formicidae,Myrmicinae,Pheidolini,NA,Pheidole,NA,Pheidole californica,NA,NA,NA,2025-11-16T23:24:54Z,success
Pheidole desertorum,ITIS,580924,Species,Animalia,Bilateria,Protostomia,Ecdysozoa,Arthropoda,Hexapoda,NA,Insecta,Pterygota,Neoptera,Holometabola,Hymenoptera,Apocrita,Aculeata,Vespoidea,Formicidae,Myrmicinae,Pheidolini,NA,Pheidole,NA,Pheidole desertorum,NA,NA,NA,2025-11-16T23:26:08Z,success
Pheidole floridana,ITIS,580963,Species,Animalia,Bilateria,Protostomia,Ecdysozoa,Arthropoda,Hexapoda,NA,Insecta,Pterygota,Neoptera,Holometabola,Hymenoptera,Apocrita,Aculeata,Vespoidea,Formicidae,Myrmicinae,Pheidolini,NA,Pheidole,NA,Pheidole floridana,NA,NA,NA,2025-11-16T23:26:50Z,success
Pheidole gilvescens,ITIS,580978,Species,Animalia,Bilateria,Protostomia,Ecdysozoa,Arthropoda,Hexapoda,NA,Insecta,Pterygota,Neoptera,Holometabola,Hymenoptera,Apocrita,Aculeata,Vespoidea,Formicidae,Myrmicinae,Pheidolini,NA,Pheidole,NA,Pheidole gilvescens,NA,NA,NA,2025-11-16T23:26:59Z,success
Pheidole micula,ITIS,581083,Species,Animalia,Bilateria,Protostomia,Ecdysozoa,Arthropoda,Hexapoda,NA,Insecta,Pterygota,Neoptera,Holometabola,Hymenoptera,Apocrita,Aculeata,Vespoidea,Formicidae,Myrmicinae,Pheidolini,NA,Pheidole,NA,Pheidole micula,NA,NA,NA,2025-11-16T23:28:32Z,success
Pheidole sciophila,ITIS,581209,Species,Animalia,Bilateria,Protostomia,Ecdysozoa,Arthropoda,Hexapoda,NA,Insecta,Pterygota,Neoptera,Holometabola,Hymenoptera,Apocrita,Aculeata,Vespoidea,Formicidae,Myrmicinae,Pheidolini,NA,Pheidole,NA,Pheidole sciophila,NA,NA,NA,2025-11-16T23:30:25Z,success
Pheidole spadonia,ITIS,581232,Species,Animalia,Bilateria,Protostomia,Ecdysozoa,Arthropoda,Hexapoda,NA,Insecta,Pterygota,Neoptera,Holometabola,Hymenoptera,Apocrita,Aculeata,Vespoidea,Formicidae,Myrmicinae,Pheidolini,NA,Pheidole,NA,Pheidole spadonia,NA,NA,NA,2025-11-16T23:30:47Z,success
Pheidole tepicana,ITIS,581265,Species,Animalia,Bilateria,Protostomia,Ecdysozoa,Arthropoda,Hexapoda,NA,Insecta,Pterygota,Neoptera,Holometabola,Hymenoptera,Apocrita,Aculeata,Vespoidea,Formicidae,Myrmicinae,Pheidolini,NA,Pheidole,NA,Pheidole tepicana,NA,NA,NA,2025-11-16T23:31:15Z,success
Pheidole tetra,GBIF,8428917,Species,Animalia,NA,NA,NA,Arthropoda,NA,NA,Insecta,NA,NA,NA,Hymenoptera,NA,NA,NA,Formicidae,NA,NA,NA,Pheidole,NA,Pheidole tetra,NA,NA,NA,2025-11-16T23:30:04Z,success
Pheidole xerophila,ITIS,581323,Species,Animalia,Bilateria,Protostomia,Ecdysozoa,Arthropoda,Hexapoda,NA,Insecta,Pterygota,Neoptera,Holometabola,Hymenoptera,Apocrita,Aculeata,Vespoidea,Formicidae,Myrmicinae,Pheidolini,NA,Pheidole,NA,Pheidole xerophila,NA,NA,NA,2025-11-16T23:31:41Z,success
Phelister,ITIS,728591,Genus,Animalia,Bilateria,Protostomia,Ecdysozoa,Arthropoda,Hexapoda,NA,Insecta,Pterygota,Neoptera,Holometabola,Coleoptera,Polyphaga,Staphyliniformia,Histeroidea,Histeridae,Histerinae,Exosternini,NA,Phelister,NA,NA,NA,NA,NA,2025-11-16T23:29:31Z,success
Phidippus,ITIS,872783,Genus,Animalia,Bilateria,Protostomia,Ecdysozoa,Arthropoda,Chelicerata,NA,Arachnida,NA,NA,NA,Araneae,NA,NA,NA,Salticidae,NA,NA,NA,Phidippus,NA,NA,NA,NA,NA,2025-11-16T23:32:39Z,success
Philodromidae,ITIS,871533,Family,Animalia,Bilateria,Protostomia,Ecdysozoa,Arthropoda,Chelicerata,NA,Arachnida,NA,NA,NA,Araneae,NA,NA,NA,Philodromidae,NA,NA,NA,NA,NA,NA,NA,NA,NA,2025-11-16T23:29:32Z,success
Philonthus,ITIS,113292,Genus,Animalia,Bilateria,Protostomia,Ecdysozoa,Arthropoda,Hexapoda,NA,Insecta,Pterygota,Neoptera,Holometabola,Coleoptera,Polyphaga,Staphyliniformia,Staphylinoidea,Staphylinidae,Staphylininae,NA,NA,Philonthus,NA,NA,NA,NA,NA,2025-11-16T23:29:33Z,success
Phlaeothripidae,ITIS,103357,Family,Animalia,Bilateria,Protostomia,Ecdysozoa,Arthropoda,Hexapoda,NA,Insecta,Pterygota,Neoptera,Acercaria,Thysanoptera,Tubulifera,NA,NA,Phlaeothripidae,NA,NA,NA,NA,NA,NA,NA,NA,NA,2025-11-16T23:29:33Z,success
Phloeolaemus,ITIS,705811,Genus,Animalia,Bilateria,Protostomia,Ecdysozoa,Arthropoda,Hexapoda,NA,Insecta,Pterygota,Neoptera,Holometabola,Coleoptera,Polyphaga,Cucujiformia,Cucujoidea,Laemophloeidae,NA,NA,NA,Phloeolaemus,NA,NA,NA,NA,NA,2025-11-16T23:29:34Z,success
Pholcidae,ITIS,847751,Family,Animalia,Bilateria,Protostomia,Ecdysozoa,Arthropoda,Chelicerata,NA,Arachnida,NA,NA,NA,Araneae,NA,NA,NA,Pholcidae,NA,NA,NA,NA,NA,NA,NA,NA,NA,2025-11-16T23:29:36Z,success
Pholcus,ITIS,849119,Genus,Animalia,Bilateria,Protostomia,Ecdysozoa,Arthropoda,Chelicerata,NA,Arachnida,NA,NA,NA,Araneae,NA,NA,NA,Pholcidae,NA,NA,NA,Pholcus,NA,NA,NA,NA,NA,2025-11-16T23:29:35Z,success
Phoridae,ITIS,138921,Family,Animalia,Bilateria,Protostomia,Ecdysozoa,Arthropoda,Hexapoda,NA,Insecta,Pterygota,Neoptera,Holometabola,Diptera,Brachycera,Muscomorpha,NA,Phoridae,NA,NA,NA,NA,NA,NA,NA,NA,NA,2025-11-16T23:29:37Z,success
Phthiria,ITIS,134828,Genus,Animalia,Bilateria,Protostomia,Ecdysozoa,Arthropoda,Hexapoda,NA,Insecta,Pterygota,Neoptera,Holometabola,Diptera,Brachycera,Muscomorpha,NA,Bombyliidae,Phthiriinae,NA,NA,Phthiria,NA,NA,NA,NA,NA,2025-11-16T23:31:59Z,success
Phyllophaga,ITIS,926453,Genus,Animalia,Bilateria,Protostomia,Ecdysozoa,Arthropoda,Hexapoda,NA,Insecta,Pterygota,Neoptera,Holometabola,Coleoptera,Polyphaga,Scarabeiformia,Scarabaeoidea,Scarabaeidae,Melolonthinae,Melolonthini,NA,Phyllophaga,NA,NA,NA,NA,NA,2025-11-16T23:29:38Z,success
Phyllotreta,ITIS,719700,Genus,Animalia,Bilateria,Protostomia,Ecdysozoa,Arthropoda,Hexapoda,NA,Insecta,Pterygota,Neoptera,Holometabola,Coleoptera,Polyphaga,Cucujiformia,Chrysomeloidea,Chrysomelidae,Galerucinae,Alticini,NA,Phyllotreta,NA,NA,NA,NA,NA,2025-11-16T23:29:37Z,success
Physocyclus,ITIS,849130,Genus,Animalia,Bilateria,Protostomia,Ecdysozoa,Arthropoda,Chelicerata,NA,Arachnida,NA,NA,NA,Araneae,NA,NA,NA,Pholcidae,NA,NA,NA,Physocyclus,NA,NA,NA,NA,NA,2025-11-16T23:29:39Z,success
Phytocoris,ITIS,105061,Genus,Animalia,Bilateria,Protostomia,Ecdysozoa,Arthropoda,Hexapoda,NA,Insecta,Pterygota,Neoptera,Acercaria,Hemiptera,Heteroptera,Cimicomorpha,Miroidea,Miridae,Mirinae,Mirini,NA,Phytocoris,NA,NA,NA,NA,NA,2025-11-16T23:29:40Z,success
Pisauridae,ITIS,181129,Family,Animalia,Bilateria,Protostomia,Ecdysozoa,Arthropoda,Chelicerata,NA,Arachnida,NA,NA,NA,Araneae,NA,NA,NA,Pisauridae,NA,NA,NA,NA,NA,NA,NA,NA,NA,2025-11-16T23:29:41Z,success
Platydema,ITIS,187235,Genus,Animalia,Bilateria,Protostomia,Ecdysozoa,Arthropoda,Hexapoda,NA,Insecta,Pterygota,Neoptera,Holometabola,Coleoptera,Polyphaga,Cucujiformia,Tenebrionoidea,Tenebrionidae,Diaperinae,NA,NA,Platydema,NA,NA,NA,NA,NA,2025-11-16T23:32:08Z,success
Platydracus,GBIF,4407267,Genus,Animalia,NA,NA,NA,Arthropoda,NA,NA,Insecta,NA,NA,NA,Coleoptera,NA,NA,NA,Staphylinidae,NA,NA,NA,Platydracus,NA,NA,NA,NA,NA,2025-11-16T23:29:42Z,success
Platygastridae,ITIS,709288,Family,Animalia,Bilateria,Protostomia,Ecdysozoa,Arthropoda,Hexapoda,NA,Insecta,Pterygota,Neoptera,Holometabola,Hymenoptera,Apocrita,Terebrantes,Platygastroidea,Platygastridae,NA,NA,NA,NA,NA,NA,NA,NA,NA,2025-11-16T23:29:43Z,success
Platystethus,ITIS,186552,Genus,Animalia,Bilateria,Protostomia,Ecdysozoa,Arthropoda,Hexapoda,NA,Insecta,Pterygota,Neoptera,Holometabola,Coleoptera,Polyphaga,Staphyliniformia,Staphylinoidea,Staphylinidae,Oxytelinae,NA,NA,Platystethus,NA,NA,NA,NA,NA,2025-11-16T23:29:44Z,success
Platytomus,ITIS,926396,Genus,Animalia,Bilateria,Protostomia,Ecdysozoa,Arthropoda,Hexapoda,NA,Insecta,Pterygota,Neoptera,Holometabola,Coleoptera,Polyphaga,Scarabeiformia,Scarabaeoidea,Scarabaeidae,Aphodiinae,Psammodiini,NA,Platytomus,NA,NA,NA,NA,NA,2025-11-16T23:29:44Z,success
Plectreuridae,ITIS,847753,Family,Animalia,Bilateria,Protostomia,Ecdysozoa,Arthropoda,Chelicerata,NA,Arachnida,NA,NA,NA,Araneae,NA,NA,NA,Plectreuridae,NA,NA,NA,NA,NA,NA,NA,NA,NA,2025-11-16T23:29:46Z,success
Plectreurys,ITIS,849154,Genus,Animalia,Bilateria,Protostomia,Ecdysozoa,Arthropoda,Chelicerata,NA,Arachnida,NA,NA,NA,Araneae,NA,NA,NA,Plectreuridae,NA,NA,NA,Plectreurys,NA,NA,NA,NA,NA,2025-11-16T23:29:45Z,success
Plutellidae,ITIS,118715,Family,Animalia,Bilateria,Protostomia,Ecdysozoa,Arthropoda,Hexapoda,NA,Insecta,Pterygota,Neoptera,Holometabola,Lepidoptera,NA,NA,Yponomeutoidea,Plutellidae,NA,NA,NA,NA,NA,NA,NA,NA,NA,2025-11-16T23:29:46Z,success
Poecilus,ITIS,931441,Genus,Animalia,Bilateria,Protostomia,Ecdysozoa,Arthropoda,Hexapoda,NA,Insecta,Pterygota,Neoptera,Holometabola,Coleoptera,Adephaga,NA,NA,Carabidae,Harpalinae,Pterostichini,NA,Poecilus,NA,NA,NA,NA,NA,2025-11-16T23:29:47Z,success
Pogonomyrmex,ITIS,154230,Genus,Animalia,Bilateria,Protostomia,Ecdysozoa,Arthropoda,Hexapoda,NA,Insecta,Pterygota,Neoptera,Holometabola,Hymenoptera,Apocrita,Aculeata,Vespoidea,Formicidae,Myrmicinae,Myrmicini,NA,Pogonomyrmex,NA,NA,NA,NA,NA,2025-11-16T23:29:48Z,success
Pogonomyrmex californicus,ITIS,154233,Species,Animalia,Bilateria,Protostomia,Ecdysozoa,Arthropoda,Hexapoda,NA,Insecta,Pterygota,Neoptera,Holometabola,Hymenoptera,Apocrita,Aculeata,Vespoidea,Formicidae,Myrmicinae,Myrmicini,NA,Pogonomyrmex,NA,Pogonomyrmex californicus,NA,NA,NA,2025-11-16T23:24:55Z,success
Pogonomyrmex maricopa,ITIS,154234,Species,Animalia,Bilateria,Protostomia,Ecdysozoa,Arthropoda,Hexapoda,NA,Insecta,Pterygota,Neoptera,Holometabola,Hymenoptera,Apocrita,Aculeata,Vespoidea,Formicidae,Myrmicinae,Myrmicini,NA,Pogonomyrmex,NA,Pogonomyrmex maricopa,NA,NA,NA,2025-11-16T23:28:11Z,success
Pogonomyrmex pima,ITIS,581452,Species,Animalia,Bilateria,Protostomia,Ecdysozoa,Arthropoda,Hexapoda,NA,Insecta,Pterygota,Neoptera,Holometabola,Hymenoptera,Apocrita,Aculeata,Vespoidea,Formicidae,Myrmicinae,Myrmicini,NA,Pogonomyrmex,NA,Pogonomyrmex pima,NA,NA,NA,2025-11-16T23:33:45Z,success
Pogonomyrmex rugosus,ITIS,154236,Species,Animalia,Bilateria,Protostomia,Ecdysozoa,Arthropoda,Hexapoda,NA,Insecta,Pterygota,Neoptera,Holometabola,Hymenoptera,Apocrita,Aculeata,Vespoidea,Formicidae,Myrmicinae,Myrmicini,NA,Pogonomyrmex,NA,Pogonomyrmex rugosus,NA,NA,NA,2025-11-16T23:29:49Z,success
Polemiotus submetallicus,GBIF,9711357,Species,Animalia,NA,NA,NA,Arthropoda,NA,NA,Insecta,NA,NA,NA,Coleoptera,NA,NA,NA,Tenebrionidae,NA,NA,NA,Polemiotus,NA,Polemiotus submetallicus,NA,NA,NA,2025-11-16T23:32:45Z,success
Polyphagidae,ITIS,102409,Family,NA,NA,NA,NA,NA,NA,NA,NA,NA,NA,NA,NA,NA,NA,NA,Polyphagidae,NA,NA,NA,NA,NA,NA,NA,NA,NA,2025-11-16T23:29:49Z,success
Pompilidae,ITIS,154286,Family,Animalia,Bilateria,Protostomia,Ecdysozoa,Arthropoda,Hexapoda,NA,Insecta,Pterygota,Neoptera,Holometabola,Hymenoptera,Apocrita,Aculeata,Vespoidea,Pompilidae,NA,NA,NA,NA,NA,NA,NA,NA,NA,2025-11-16T23:29:50Z,success
Prairiana,GBIF,2045066,Genus,Animalia,NA,NA,NA,Arthropoda,NA,NA,Insecta,NA,NA,NA,Hemiptera,NA,NA,NA,Cicadellidae,NA,NA,NA,Prairiana,NA,NA,NA,NA,NA,2025-11-16T23:29:51Z,success
Probethylus,ITIS,154171,Genus,Animalia,Bilateria,Protostomia,Ecdysozoa,Arthropoda,Hexapoda,NA,Insecta,Pterygota,Neoptera,Holometabola,Hymenoptera,Apocrita,Aculeata,Chrysidoidea,Sclerogibbidae,NA,NA,NA,Probethylus,NA,NA,NA,NA,NA,2025-11-16T23:29:53Z,success
Probethylus schwarzi,ITIS,154172,Species,Animalia,Bilateria,Protostomia,Ecdysozoa,Arthropoda,Hexapoda,NA,Insecta,Pterygota,Neoptera,Holometabola,Hymenoptera,Apocrita,Aculeata,Chrysidoidea,Sclerogibbidae,NA,NA,NA,Probethylus,NA,Probethylus schwarzi,NA,NA,NA,2025-11-16T23:30:24Z,success
Pronotacantha,ITIS,107669,Genus,Animalia,Bilateria,Protostomia,Ecdysozoa,Arthropoda,Hexapoda,NA,Insecta,Pterygota,Neoptera,Acercaria,Hemiptera,Heteroptera,Pentatomomorpha,Lygaeoidea,Berytidae,Gampsocorinae,Hoplinini,NA,Pronotacantha,NA,NA,NA,NA,NA,2025-11-16T23:29:53Z,success
Prytanes,ITIS,108102,Genus,Animalia,Bilateria,Protostomia,Ecdysozoa,Arthropoda,Hexapoda,NA,Insecta,Pterygota,Neoptera,Acercaria,Hemiptera,Heteroptera,Pentatomomorpha,Lygaeoidea,Rhyparochromidae,Rhyparochrominae,Myodochini,NA,Prytanes,NA,NA,NA,NA,NA,2025-11-16T23:26:48Z,success
Psectrosciara,ITIS,125743,Genus,Animalia,Bilateria,Protostomia,Ecdysozoa,Arthropoda,Hexapoda,NA,Insecta,Pterygota,Neoptera,Holometabola,Diptera,Nematocera,Psychodomorpha,NA,Scatopsidae,Psectrosciarinae,NA,NA,Psectrosciara,NA,NA,NA,NA,NA,2025-11-16T23:29:55Z,success
Pselaphinae,ITIS,678464,Subfamily,Animalia,Bilateria,Protostomia,Ecdysozoa,Arthropoda,Hexapoda,NA,Insecta,Pterygota,Neoptera,Holometabola,Coleoptera,Polyphaga,Staphyliniformia,Staphylinoidea,Staphylinidae,Pselaphinae,NA,NA,NA,NA,NA,NA,NA,NA,2025-11-16T23:29:55Z,success
Pseudatomoscelis,ITIS,106775,Genus,Animalia,Bilateria,Protostomia,Ecdysozoa,Arthropoda,Hexapoda,NA,Insecta,Pterygota,Neoptera,Acercaria,Hemiptera,Heteroptera,Cimicomorpha,Miroidea,Miridae,Phylinae,Phylini,NA,Pseudatomoscelis,NA,NA,NA,NA,NA,2025-11-16T23:29:58Z,success
Pseudopsallus,ITIS,106160,Genus,Animalia,Bilateria,Protostomia,Ecdysozoa,Arthropoda,Hexapoda,NA,Insecta,Pterygota,Neoptera,Acercaria,Hemiptera,Heteroptera,Cimicomorpha,Miroidea,Miridae,Orthotylinae,Orthotylini,NA,Pseudopsallus,NA,NA,NA,NA,NA,2025-11-16T23:29:57Z,success
Pseudoscorpiones,ITIS,690741,Order,Animalia,Bilateria,Protostomia,Ecdysozoa,Arthropoda,Chelicerata,NA,Arachnida,NA,NA,NA,Pseudoscorpiones,NA,NA,NA,NA,NA,NA,NA,NA,NA,NA,NA,NA,NA,2025-11-16T23:29:57Z,success
Psilochorus,ITIS,849232,Genus,Animalia,Bilateria,Protostomia,Ecdysozoa,Arthropoda,Chelicerata,NA,Arachnida,NA,NA,NA,Araneae,NA,NA,NA,Pholcidae,NA,NA,NA,Psilochorus,NA,NA,NA,NA,NA,2025-11-16T23:29:59Z,success
Psocodea,ITIS,998435,Order,Animalia,Bilateria,Protostomia,Ecdysozoa,Arthropoda,Hexapoda,NA,Insecta,Pterygota,Neoptera,Acercaria,Psocodea,NA,NA,NA,NA,NA,NA,NA,NA,NA,NA,NA,NA,NA,2025-11-16T23:32:48Z,success
Psychoda,ITIS,125468,Genus,Animalia,Bilateria,Protostomia,Ecdysozoa,Arthropoda,Hexapoda,NA,Insecta,Pterygota,Neoptera,Holometabola,Diptera,Nematocera,Psychodomorpha,NA,Psychodidae,Psychodinae,NA,NA,Psychoda,NA,NA,NA,NA,NA,2025-11-16T23:29:59Z,success
Psychodidae,ITIS,125351,Family,Animalia,Bilateria,Protostomia,Ecdysozoa,Arthropoda,Hexapoda,NA,Insecta,Pterygota,Neoptera,Holometabola,Diptera,Nematocera,Psychodomorpha,NA,Psychodidae,NA,NA,NA,NA,NA,NA,NA,NA,NA,2025-11-16T23:30:00Z,success
Psyllidae,ITIS,109187,Family,Animalia,Bilateria,Protostomia,Ecdysozoa,Arthropoda,Hexapoda,NA,Insecta,Pterygota,Neoptera,Acercaria,Hemiptera,Sternorrhyncha,NA,Psylloidea,Psyllidae,NA,NA,NA,NA,NA,NA,NA,NA,NA,2025-11-16T23:30:02Z,success
Psylliodes,ITIS,719738,Genus,Animalia,Bilateria,Protostomia,Ecdysozoa,Arthropoda,Hexapoda,NA,Insecta,Pterygota,Neoptera,Holometabola,Coleoptera,Polyphaga,Cucujiformia,Chrysomeloidea,Chrysomelidae,Galerucinae,Alticini,NA,Psylliodes,NA,NA,NA,NA,NA,2025-11-16T23:30:01Z,success
Pteromalidae,ITIS,153974,Family,Animalia,Bilateria,Protostomia,Ecdysozoa,Arthropoda,Hexapoda,NA,Insecta,Pterygota,Neoptera,Holometabola,Hymenoptera,Apocrita,Terebrantes,Chalcidoidea,Pteromalidae,NA,NA,NA,NA,NA,NA,NA,NA,NA,2025-11-16T23:30:03Z,success
Pterostichus,ITIS,110453,Genus,Animalia,Bilateria,Protostomia,Ecdysozoa,Arthropoda,Hexapoda,NA,Insecta,Pterygota,Neoptera,Holometabola,Coleoptera,Adephaga,NA,NA,Carabidae,Harpalinae,Pterostichini,NA,Pterostichus,NA,NA,NA,NA,NA,2025-11-16T23:30:02Z,success
Ptiliidae,ITIS,113805,Family,Animalia,Bilateria,Protostomia,Ecdysozoa,Arthropoda,Hexapoda,NA,Insecta,Pterygota,Neoptera,Holometabola,Coleoptera,Polyphaga,Staphyliniformia,Staphylinoidea,Ptiliidae,NA,NA,NA,NA,NA,NA,NA,NA,NA,2025-11-16T23:30:05Z,success
Ptilinus,ITIS,696375,Genus,Animalia,Bilateria,Protostomia,Ecdysozoa,Arthropoda,Hexapoda,NA,Insecta,Pterygota,Neoptera,Holometabola,Coleoptera,Polyphaga,Bostrichiformia,Bostrichoidea,Ptinidae,Ptilininae,NA,NA,Ptilinus,NA,NA,NA,NA,NA,2025-11-16T23:24:06Z,success
Ptinidae,ITIS,114472,Family,Animalia,Bilateria,Protostomia,Ecdysozoa,Arthropoda,Hexapoda,NA,Insecta,Pterygota,Neoptera,Holometabola,Coleoptera,Polyphaga,Bostrichiformia,Bostrichoidea,Ptinidae,NA,NA,NA,NA,NA,NA,NA,NA,NA,2025-11-16T23:30:06Z,success
Ptomaphagus,ITIS,933516,Genus,Animalia,Bilateria,Protostomia,Ecdysozoa,Arthropoda,Hexapoda,NA,Insecta,Pterygota,Neoptera,Holometabola,Coleoptera,Polyphaga,Staphyliniformia,Staphylinoidea,Leiodidae,Cholevinae,Ptomaphagini,NA,Ptomaphagus,NA,NA,NA,NA,NA,2025-11-16T23:30:06Z,success
Ptomaphagus (Adelops),GBIF,4726814,Genus,incertae sedis,NA,NA,NA,NA,NA,NA,NA,NA,NA,NA,NA,NA,NA,NA,NA,NA,NA,NA,Adelops,NA,NA,NA,NA,NA,2025-11-16T23:30:07Z,success
Pyralidae,ITIS,117641,Family,Animalia,Bilateria,Protostomia,Ecdysozoa,Arthropoda,Hexapoda,NA,Insecta,Pterygota,Neoptera,Holometabola,Lepidoptera,NA,NA,Pyraloidea,Pyralidae,NA,NA,NA,NA,NA,NA,NA,NA,NA,2025-11-16T23:30:09Z,success
Pyramica,ITIS,574138,Genus,Animalia,Bilateria,Protostomia,Ecdysozoa,Arthropoda,Hexapoda,NA,Insecta,Pterygota,Neoptera,Holometabola,Hymenoptera,Apocrita,Aculeata,Vespoidea,Formicidae,Myrmicinae,Dacetonini,NA,Pyramica,NA,NA,NA,NA,NA,2025-11-16T23:30:08Z,success
Pyramica membranifera,ITIS,581663,Species,Animalia,Bilateria,Protostomia,Ecdysozoa,Arthropoda,Hexapoda,NA,Insecta,Pterygota,Neoptera,Holometabola,Hymenoptera,Apocrita,Aculeata,Vespoidea,Formicidae,Myrmicinae,Dacetonini,NA,Pyramica,NA,Pyramica membranifera,NA,NA,NA,2025-11-16T23:30:10Z,success
Pyrgotidae,ITIS,142577,Family,Animalia,Bilateria,Protostomia,Ecdysozoa,Arthropoda,Hexapoda,NA,Insecta,Pterygota,Neoptera,Holometabola,Diptera,Brachycera,Muscomorpha,NA,Pyrgotidae,NA,NA,NA,NA,NA,NA,NA,NA,NA,2025-11-16T23:30:10Z,success
Ranoidea,ITIS,1094740,Genus,Animalia,Bilateria,Deuterostomia,NA,Chordata,Vertebrata,Tetrapoda,Amphibia,NA,NA,NA,Anura,NA,NA,NA,Pelodryadidae,NA,NA,NA,Ranoidea,NA,NA,NA,NA,NA,2025-11-16T23:32:41Z,success
Reduviidae,ITIS,107202,Family,Animalia,Bilateria,Protostomia,Ecdysozoa,Arthropoda,Hexapoda,NA,Insecta,Pterygota,Neoptera,Acercaria,Hemiptera,Heteroptera,Cimicomorpha,Reduvoidea,Reduviidae,NA,NA,NA,NA,NA,NA,NA,NA,NA,2025-11-16T23:30:11Z,success
Rhaphidophoridae,GBIF,8223,Family,Animalia,NA,NA,NA,Arthropoda,NA,NA,Insecta,NA,NA,NA,Orthoptera,NA,NA,NA,Rhaphidophoridae,NA,NA,NA,NA,NA,NA,NA,NA,NA,2025-11-16T23:33:52Z,success
Rhaphidophorinae,ITIS,657521,Subfamily,Animalia,Bilateria,Protostomia,Ecdysozoa,Arthropoda,Hexapoda,NA,Insecta,Pterygota,Neoptera,Polyneoptera,Orthoptera,Ensifera,Tettigoniidea,Stenopelmatoidea,Rhaphidophoridae,Rhaphidophorinae,NA,NA,NA,NA,NA,NA,NA,NA,2025-11-16T23:30:12Z,success
Rhinacloa,ITIS,106803,Genus,Animalia,Bilateria,Protostomia,Ecdysozoa,Arthropoda,Hexapoda,NA,Insecta,Pterygota,Neoptera,Acercaria,Hemiptera,Heteroptera,Cimicomorpha,Miroidea,Miridae,Phylinae,Phylini,NA,Rhinacloa,NA,NA,NA,NA,NA,2025-11-16T23:30:12Z,success
Rhopalidae,ITIS,108477,Family,Animalia,Bilateria,Protostomia,Ecdysozoa,Arthropoda,Hexapoda,NA,Insecta,Pterygota,Neoptera,Acercaria,Hemiptera,Heteroptera,Pentatomomorpha,Coreoidea,Rhopalidae,NA,NA,NA,NA,NA,NA,NA,NA,NA,2025-11-16T23:30:13Z,success
Rhyparochromidae,ITIS,676868,Family,Animalia,Bilateria,Protostomia,Ecdysozoa,Arthropoda,Hexapoda,NA,Insecta,Pterygota,Neoptera,Acercaria,Hemiptera,Heteroptera,Pentatomomorpha,Lygaeoidea,Rhyparochromidae,NA,NA,NA,NA,NA,NA,NA,NA,NA,2025-11-16T23:33:14Z,success
Rualena,ITIS,872960,Genus,Animalia,Bilateria,Protostomia,Ecdysozoa,Arthropoda,Chelicerata,NA,Arachnida,NA,NA,NA,Araneae,NA,NA,NA,Agelenidae,NA,NA,NA,Rualena,NA,NA,NA,NA,NA,2025-11-16T23:32:11Z,success
Saldidae,ITIS,104063,Family,Animalia,Bilateria,Protostomia,Ecdysozoa,Arthropoda,Hexapoda,NA,Insecta,Pterygota,Neoptera,Acercaria,Hemiptera,Heteroptera,Leptopodomorpha,Saldoidea,Saldidae,NA,NA,NA,NA,NA,NA,NA,NA,NA,2025-11-16T23:30:14Z,success
Salticidae,ITIS,871537,Family,Animalia,Bilateria,Protostomia,Ecdysozoa,Arthropoda,Chelicerata,NA,Arachnida,NA,NA,NA,Araneae,NA,NA,NA,Salticidae,NA,NA,NA,NA,NA,NA,NA,NA,NA,2025-11-16T23:30:15Z,success
Sapintus,ITIS,685118,Genus,Animalia,Bilateria,Protostomia,Ecdysozoa,Arthropoda,Hexapoda,NA,Insecta,Pterygota,Neoptera,Holometabola,Coleoptera,Polyphaga,Cucujiformia,Tenebrionoidea,Anthicidae,Anthicinae,NA,NA,Sapintus,NA,NA,NA,NA,NA,2025-11-16T23:30:16Z,success
Saprinus,ITIS,188434,Genus,Animalia,Bilateria,Protostomia,Ecdysozoa,Arthropoda,Hexapoda,NA,Insecta,Pterygota,Neoptera,Holometabola,Coleoptera,Polyphaga,Staphyliniformia,Histeroidea,Histeridae,Saprininae,NA,NA,Saprinus,NA,NA,NA,NA,NA,2025-11-16T23:30:16Z,success
Sarcophagidae,ITIS,151815,Family,Animalia,Bilateria,Protostomia,Ecdysozoa,Arthropoda,Hexapoda,NA,Insecta,Pterygota,Neoptera,Holometabola,Diptera,Brachycera,Muscomorpha,NA,Sarcophagidae,NA,NA,NA,NA,NA,NA,NA,NA,NA,2025-11-16T23:30:17Z,success
Scaphiella,ITIS,849300,Genus,Animalia,Bilateria,Protostomia,Ecdysozoa,Arthropoda,Chelicerata,NA,Arachnida,NA,NA,NA,Araneae,NA,NA,NA,Oonopidae,NA,NA,NA,Scaphiella,NA,NA,NA,NA,NA,2025-11-16T23:30:18Z,success
Scaphoideus,GBIF,2031211,Genus,Animalia,NA,NA,NA,Arthropoda,NA,NA,Insecta,NA,NA,NA,Hemiptera,NA,NA,NA,Cicadellidae,NA,NA,NA,Scaphoideus,NA,NA,NA,NA,NA,2025-11-16T23:30:19Z,success
Scaphytopius,ITIS,200129,Genus,Animalia,Bilateria,Protostomia,Ecdysozoa,Arthropoda,Hexapoda,NA,Insecta,Pterygota,Neoptera,Acercaria,Hemiptera,Auchenorrhyncha,Cicadomorpha,Membracoidea,Cicadellidae,NA,NA,NA,Scaphytopius,NA,NA,NA,NA,NA,2025-11-16T23:32:22Z,success
Scarabaeidae,ITIS,114493,Family,Animalia,Bilateria,Protostomia,Ecdysozoa,Arthropoda,Hexapoda,NA,Insecta,Pterygota,Neoptera,Holometabola,Coleoptera,Polyphaga,Scarabeiformia,Scarabaeoidea,Scarabaeidae,NA,NA,NA,NA,NA,NA,NA,NA,NA,2025-11-16T23:30:20Z,success
Scarites,ITIS,109602,Genus,Animalia,Bilateria,Protostomia,Ecdysozoa,Arthropoda,Hexapoda,NA,Insecta,Pterygota,Neoptera,Holometabola,Coleoptera,Adephaga,NA,NA,Carabidae,Scaritinae,Scaritini,NA,Scarites,NA,NA,NA,NA,NA,2025-11-16T23:30:20Z,success
Scarites subterraneus,ITIS,109608,Species,Animalia,Bilateria,Protostomia,Ecdysozoa,Arthropoda,Hexapoda,NA,Insecta,Pterygota,Neoptera,Holometabola,Coleoptera,Adephaga,NA,NA,Carabidae,Scaritinae,Scaritini,NA,Scarites,Scarites (Scarites),Scarites subterraneus,NA,NA,NA,2025-11-16T23:33:24Z,success
Scathophagidae,ITIS,678096,Family,Animalia,Bilateria,Protostomia,Ecdysozoa,Arthropoda,Hexapoda,NA,Insecta,Pterygota,Neoptera,Holometabola,Diptera,Brachycera,Muscomorpha,NA,Scathophagidae,NA,NA,NA,NA,NA,NA,NA,NA,NA,2025-11-16T23:32:15Z,success
Scatopsidae,ITIS,125618,Family,Animalia,Bilateria,Protostomia,Ecdysozoa,Arthropoda,Hexapoda,NA,Insecta,Pterygota,Neoptera,Holometabola,Diptera,Nematocera,Psychodomorpha,NA,Scatopsidae,NA,NA,NA,NA,NA,NA,NA,NA,NA,2025-11-16T23:30:21Z,success
Scelionidae,ITIS,154068,Family,Animalia,Bilateria,Protostomia,Ecdysozoa,Arthropoda,Hexapoda,NA,Insecta,Pterygota,Neoptera,Holometabola,Hymenoptera,Apocrita,Terebrantes,Platygastroidea,Scelionidae,NA,NA,NA,NA,NA,NA,NA,NA,NA,2025-11-16T23:30:22Z,success
Sceliphron caementarium,ITIS,769860,Species,Animalia,Bilateria,Protostomia,Ecdysozoa,Arthropoda,Hexapoda,NA,Insecta,Pterygota,Neoptera,Holometabola,Hymenoptera,Apocrita,Aculeata,Apoidea,Sphecidae,Sceliphrinae,Sceliphrini,NA,Sceliphron,NA,Sceliphron caementarium,NA,NA,NA,2025-11-16T23:30:22Z,success
Scenopinus,ITIS,132143,Genus,Animalia,Bilateria,Protostomia,Ecdysozoa,Arthropoda,Hexapoda,NA,Insecta,Pterygota,Neoptera,Holometabola,Diptera,Brachycera,Muscomorpha,NA,Scenopinidae,NA,NA,NA,Scenopinus,NA,NA,NA,NA,NA,2025-11-16T23:32:37Z,success
Schizocosa,ITIS,849307,Genus,Animalia,Bilateria,Protostomia,Ecdysozoa,Arthropoda,Chelicerata,NA,Arachnida,NA,NA,NA,Araneae,NA,NA,NA,Lycosidae,NA,NA,NA,Schizocosa,NA,NA,NA,NA,NA,2025-11-16T23:30:23Z,success
Sciaridae,ITIS,122702,Family,Animalia,Bilateria,Protostomia,Ecdysozoa,Arthropoda,Hexapoda,NA,Insecta,Pterygota,Neoptera,Holometabola,Diptera,Nematocera,Bibionomorpha,NA,Sciaridae,NA,NA,NA,NA,NA,NA,NA,NA,NA,2025-11-16T23:30:24Z,success
Sciopithes,ITIS,188065,Genus,Animalia,Bilateria,Protostomia,Ecdysozoa,Arthropoda,Hexapoda,NA,Insecta,Pterygota,Neoptera,Holometabola,Coleoptera,Polyphaga,Cucujiformia,Curculionoidea,Curculionidae,NA,NA,NA,Sciopithes,NA,NA,NA,NA,NA,2025-11-16T23:30:26Z,success
Scirtidae,ITIS,113924,Family,Animalia,Bilateria,Protostomia,Ecdysozoa,Arthropoda,Hexapoda,NA,Insecta,Pterygota,Neoptera,Holometabola,Coleoptera,Polyphaga,Scirtiformia,Scirtoidea,Scirtidae,NA,NA,NA,NA,NA,NA,NA,NA,NA,2025-11-16T23:30:27Z,success
Sclerogibbidae,ITIS,154170,Family,Animalia,Bilateria,Protostomia,Ecdysozoa,Arthropoda,Hexapoda,NA,Insecta,Pterygota,Neoptera,Holometabola,Hymenoptera,Apocrita,Aculeata,Chrysidoidea,Sclerogibbidae,NA,NA,NA,NA,NA,NA,NA,NA,NA,2025-11-16T23:30:27Z,success
Scoliidae,ITIS,154189,Family,Animalia,Bilateria,Protostomia,Ecdysozoa,Arthropoda,Hexapoda,NA,Insecta,Pterygota,Neoptera,Holometabola,Hymenoptera,Apocrita,Aculeata,Vespoidea,Scoliidae,NA,NA,NA,NA,NA,NA,NA,NA,NA,2025-11-16T23:30:28Z,success
Scolopendridae,ITIS,913862,Family,Animalia,Bilateria,Protostomia,Ecdysozoa,Arthropoda,Myriapoda,NA,Chilopoda,Pleurostigmophora,NA,NA,Scolopendromorpha,NA,NA,NA,Scolopendridae,NA,NA,NA,NA,NA,NA,NA,NA,NA,2025-11-16T23:30:29Z,success
Scolopendromorpha,ITIS,913857,Order,Animalia,Bilateria,Protostomia,Ecdysozoa,Arthropoda,Myriapoda,NA,Chilopoda,Pleurostigmophora,NA,NA,Scolopendromorpha,NA,NA,NA,NA,NA,NA,NA,NA,NA,NA,NA,NA,NA,2025-11-16T23:32:52Z,success
Scolytinae,ITIS,678830,Subfamily,Animalia,Bilateria,Protostomia,Ecdysozoa,Arthropoda,Hexapoda,NA,Insecta,Pterygota,Neoptera,Holometabola,Coleoptera,Polyphaga,Cucujiformia,Curculionoidea,Curculionidae,Scolytinae,NA,NA,NA,NA,NA,NA,NA,NA,2025-11-16T23:30:29Z,success
Scopaeus,GBIF,4404665,Genus,Animalia,NA,NA,NA,Arthropoda,NA,NA,Insecta,NA,NA,NA,Coleoptera,NA,NA,NA,Staphylinidae,NA,NA,NA,Scopaeus,NA,NA,NA,NA,NA,2025-11-16T23:30:31Z,success
Scopoides,ITIS,872990,Genus,Animalia,Bilateria,Protostomia,Ecdysozoa,Arthropoda,Chelicerata,NA,Arachnida,NA,NA,NA,Araneae,NA,NA,NA,Gnaphosidae,NA,NA,NA,Scopoides,NA,NA,NA,NA,NA,2025-11-16T23:30:30Z,success
Scorpiones,ITIS,82713,Order,Animalia,Bilateria,Protostomia,Ecdysozoa,Arthropoda,Chelicerata,NA,Arachnida,NA,NA,NA,Scorpiones,NA,NA,NA,NA,NA,NA,NA,NA,NA,NA,NA,NA,NA,2025-11-16T23:30:32Z,success
Scutigeridae,ITIS,913657,Family,Animalia,Bilateria,Protostomia,Ecdysozoa,Arthropoda,Myriapoda,NA,Chilopoda,Notostigmophora,NA,NA,Scutigeromorpha,NA,NA,NA,Scutigeridae,NA,NA,NA,NA,NA,NA,NA,NA,NA,2025-11-16T23:30:35Z,success
Scydmaenidae,ITIS,113823,Family,Animalia,Bilateria,Protostomia,Ecdysozoa,Arthropoda,Hexapoda,NA,Insecta,Pterygota,Neoptera,Holometabola,Coleoptera,Polyphaga,Staphyliniformia,Staphylinoidea,Scydmaenidae,NA,NA,NA,NA,NA,NA,NA,NA,NA,2025-11-16T23:30:36Z,success
Scymnus,ITIS,187044,Genus,Animalia,Bilateria,Protostomia,Ecdysozoa,Arthropoda,Hexapoda,NA,Insecta,Pterygota,Neoptera,Holometabola,Coleoptera,Polyphaga,Cucujiformia,Coccinelloidea,Coccinellidae,Coccinellinae,Scymnini,NA,Scymnus,NA,NA,NA,NA,NA,2025-11-16T23:30:37Z,success
Scytodes,ITIS,849322,Genus,Animalia,Bilateria,Protostomia,Ecdysozoa,Arthropoda,Chelicerata,NA,Arachnida,NA,NA,NA,Araneae,NA,NA,NA,Scytodidae,NA,NA,NA,Scytodes,NA,NA,NA,NA,NA,2025-11-16T23:30:38Z,success
Scytodidae,ITIS,847754,Family,Animalia,Bilateria,Protostomia,Ecdysozoa,Arthropoda,Chelicerata,NA,Arachnida,NA,NA,NA,Araneae,NA,NA,NA,Scytodidae,NA,NA,NA,NA,NA,NA,NA,NA,NA,2025-11-16T23:30:37Z,success
Selenophorus,ITIS,111314,Genus,Animalia,Bilateria,Protostomia,Ecdysozoa,Arthropoda,Hexapoda,NA,Insecta,Pterygota,Neoptera,Holometabola,Coleoptera,Adephaga,NA,NA,Carabidae,Harpalinae,Harpalini,NA,Selenophorus,NA,NA,NA,NA,NA,2025-11-16T23:30:39Z,success
Semium,ITIS,106814,Genus,Animalia,Bilateria,Protostomia,Ecdysozoa,Arthropoda,Hexapoda,NA,Insecta,Pterygota,Neoptera,Acercaria,Hemiptera,Heteroptera,Cimicomorpha,Miroidea,Miridae,Phylinae,Phylini,NA,Semium,NA,NA,NA,NA,NA,2025-11-16T23:32:36Z,success
Sericoderus,ITIS,186943,Genus,Animalia,Bilateria,Protostomia,Ecdysozoa,Arthropoda,Hexapoda,NA,Insecta,Pterygota,Neoptera,Holometabola,Coleoptera,Polyphaga,Cucujiformia,Coccinelloidea,Corylophidae,Corylophinae,Sericoderini,NA,Sericoderus,NA,NA,NA,NA,NA,2025-11-16T23:32:02Z,success
Sicariidae,ITIS,847756,Family,Animalia,Bilateria,Protostomia,Ecdysozoa,Arthropoda,Chelicerata,NA,Arachnida,NA,NA,NA,Araneae,NA,NA,NA,Sicariidae,NA,NA,NA,NA,NA,NA,NA,NA,NA,2025-11-16T23:33:42Z,success
Silvanidae,ITIS,678354,Family,Animalia,Bilateria,Protostomia,Ecdysozoa,Arthropoda,Hexapoda,NA,Insecta,Pterygota,Neoptera,Holometabola,Coleoptera,Polyphaga,Cucujiformia,Cucujoidea,Silvanidae,NA,NA,NA,NA,NA,NA,NA,NA,NA,2025-11-16T23:30:39Z,success
Simuliidae,ITIS,126640,Family,Animalia,Bilateria,Protostomia,Ecdysozoa,Arthropoda,Hexapoda,NA,Insecta,Pterygota,Neoptera,Holometabola,Diptera,Nematocera,Culicomorpha,NA,Simuliidae,NA,NA,NA,NA,NA,NA,NA,NA,NA,2025-11-16T23:30:40Z,success
Sinea,ITIS,107354,Genus,Animalia,Bilateria,Protostomia,Ecdysozoa,Arthropoda,Hexapoda,NA,Insecta,Pterygota,Neoptera,Acercaria,Hemiptera,Heteroptera,Cimicomorpha,Reduvoidea,Reduviidae,Harpactorinae,Harpactorini,NA,Sinea,NA,NA,NA,NA,NA,2025-11-16T23:30:41Z,success
Siphonaptera,ITIS,44848,Genus,Protozoa,NA,NA,NA,Protozoa,Sarcodina,Rhizopoda,Granuloreticulosea,NA,NA,NA,Foraminiferida,Miliolina,NA,Miliolacea,Miliolidae,Quinqueloculininae,NA,NA,Siphonaptera,NA,NA,NA,NA,NA,2025-11-16T23:30:41Z,success
Sitticus,ITIS,873040,Genus,Animalia,Bilateria,Protostomia,Ecdysozoa,Arthropoda,Chelicerata,NA,Arachnida,NA,NA,NA,Araneae,NA,NA,NA,Salticidae,NA,NA,NA,Sitticus,NA,NA,NA,NA,NA,2025-11-16T23:32:03Z,success
Smicraulax,ITIS,617040,Genus,Animalia,Bilateria,Protostomia,Ecdysozoa,Arthropoda,Hexapoda,NA,Insecta,Pterygota,Neoptera,Holometabola,Coleoptera,Polyphaga,Cucujiformia,Curculionoidea,Curculionidae,NA,NA,NA,Smicraulax,NA,NA,NA,NA,NA,2025-11-16T23:30:43Z,success
Smicronyx,ITIS,617041,Genus,Animalia,Bilateria,Protostomia,Ecdysozoa,Arthropoda,Hexapoda,NA,Insecta,Pterygota,Neoptera,Holometabola,Coleoptera,Polyphaga,Cucujiformia,Curculionoidea,Curculionidae,NA,NA,NA,Smicronyx,NA,NA,NA,NA,NA,2025-11-16T23:30:44Z,success
Sminthuridae,ITIS,100258,Family,Animalia,Bilateria,Protostomia,Ecdysozoa,Arthropoda,Hexapoda,NA,Collembola,NA,NA,NA,Symphypleona,NA,NA,Sminthuroidea,Sminthuridae,NA,NA,NA,NA,NA,NA,NA,NA,NA,2025-11-16T23:30:44Z,success
Solenopsis,ITIS,154237,Genus,Animalia,Bilateria,Protostomia,Ecdysozoa,Arthropoda,Hexapoda,NA,Insecta,Pterygota,Neoptera,Holometabola,Hymenoptera,Apocrita,Aculeata,Vespoidea,Formicidae,Myrmicinae,Solenopsidini,NA,Solenopsis,NA,NA,NA,NA,NA,2025-11-16T23:30:45Z,success
Solenopsis amblychila,ITIS,581844,Species,Animalia,Bilateria,Protostomia,Ecdysozoa,Arthropoda,Hexapoda,NA,Insecta,Pterygota,Neoptera,Holometabola,Hymenoptera,Apocrita,Aculeata,Vespoidea,Formicidae,Myrmicinae,Solenopsidini,NA,Solenopsis,NA,Solenopsis amblychila,NA,NA,NA,2025-11-16T23:24:02Z,success
Solenopsis aurea,ITIS,581848,Species,Animalia,Bilateria,Protostomia,Ecdysozoa,Arthropoda,Hexapoda,NA,Insecta,Pterygota,Neoptera,Holometabola,Hymenoptera,Apocrita,Aculeata,Vespoidea,Formicidae,Myrmicinae,Solenopsidini,NA,Solenopsis,NA,Solenopsis aurea,NA,NA,NA,2025-11-16T23:24:39Z,success
Solenopsis xyloni,ITIS,154242,Species,Animalia,Bilateria,Protostomia,Ecdysozoa,Arthropoda,Hexapoda,NA,Insecta,Pterygota,Neoptera,Holometabola,Hymenoptera,Apocrita,Aculeata,Vespoidea,Formicidae,Myrmicinae,Solenopsidini,NA,Solenopsis,NA,Solenopsis xyloni,NA,NA,NA,2025-11-16T23:31:52Z,success
Solifugae,ITIS,690742,Order,Animalia,Bilateria,Protostomia,Ecdysozoa,Arthropoda,Chelicerata,NA,Arachnida,NA,NA,NA,Solifugae,NA,NA,NA,NA,NA,NA,NA,NA,NA,NA,NA,NA,NA,2025-11-16T23:33:03Z,success
Sonoma,ITIS,690840,Genus,Animalia,Bilateria,Protostomia,Ecdysozoa,Arthropoda,Hexapoda,NA,Insecta,Pterygota,Neoptera,Holometabola,Coleoptera,Polyphaga,Staphyliniformia,Staphylinoidea,Staphylinidae,Pselaphinae,NA,NA,Sonoma,NA,NA,NA,NA,NA,2025-11-16T23:30:46Z,success
Spanagonicus,ITIS,106817,Genus,Animalia,Bilateria,Protostomia,Ecdysozoa,Arthropoda,Hexapoda,NA,Insecta,Pterygota,Neoptera,Acercaria,Hemiptera,Heteroptera,Cimicomorpha,Miroidea,Miridae,Phylinae,Phylini,NA,Spanagonicus,NA,NA,NA,NA,NA,2025-11-16T23:30:48Z,success
Sparassidae,ITIS,871540,Family,Animalia,Bilateria,Protostomia,Ecdysozoa,Arthropoda,Chelicerata,NA,Arachnida,NA,NA,NA,Araneae,NA,NA,NA,Sparassidae,NA,NA,NA,NA,NA,NA,NA,NA,NA,2025-11-16T23:33:08Z,success
Sphaeroceridae,ITIS,145784,Family,Animalia,Bilateria,Protostomia,Ecdysozoa,Arthropoda,Hexapoda,NA,Insecta,Pterygota,Neoptera,Holometabola,Diptera,Brachycera,Muscomorpha,NA,Sphaeroceridae,NA,NA,NA,NA,NA,NA,NA,NA,NA,2025-11-16T23:30:49Z,success
Sphaeropthalma,GBIF,4669499,Genus,Animalia,NA,NA,NA,Arthropoda,NA,NA,Insecta,NA,NA,NA,Hymenoptera,NA,NA,NA,Mutillidae,NA,NA,NA,Sphaeropthalma,NA,NA,NA,NA,NA,2025-11-16T23:33:36Z,success
Sphecidae,ITIS,154310,Family,Animalia,Bilateria,Protostomia,Ecdysozoa,Arthropoda,Hexapoda,NA,Insecta,Pterygota,Neoptera,Holometabola,Hymenoptera,Apocrita,Aculeata,Apoidea,Sphecidae,NA,NA,NA,NA,NA,NA,NA,NA,NA,2025-11-16T23:30:50Z,success
Sphecomyiella valida,ITIS,142601,Species,Animalia,Bilateria,Protostomia,Ecdysozoa,Arthropoda,Hexapoda,NA,Insecta,Pterygota,Neoptera,Holometabola,Diptera,Brachycera,Muscomorpha,NA,Pyrgotidae,NA,NA,NA,Sphecomyiella,NA,Sphecomyiella valida,NA,NA,NA,2025-11-16T23:30:51Z,success
Sphenophorus,ITIS,188084,Genus,Animalia,Bilateria,Protostomia,Ecdysozoa,Arthropoda,Hexapoda,NA,Insecta,Pterygota,Neoptera,Holometabola,Coleoptera,Polyphaga,Cucujiformia,Curculionoidea,Curculionidae,Dryophthorinae,NA,NA,Sphenophorus,NA,NA,NA,NA,NA,2025-11-16T23:30:50Z,success
Sphingidae,ITIS,117293,Family,Animalia,Bilateria,Protostomia,Ecdysozoa,Arthropoda,Hexapoda,NA,Insecta,Pterygota,Neoptera,Holometabola,Lepidoptera,NA,NA,Bombycoidea,Sphingidae,NA,NA,NA,NA,NA,NA,NA,NA,NA,2025-11-16T23:30:52Z,success
Spilochroa,ITIS,145708,Genus,Animalia,Bilateria,Protostomia,Ecdysozoa,Arthropoda,Hexapoda,NA,Insecta,Pterygota,Neoptera,Holometabola,Diptera,Brachycera,Muscomorpha,NA,Heleomyzidae,Trixoscelidinae,NA,NA,Spilochroa,NA,NA,NA,NA,NA,2025-11-16T23:30:53Z,success
Spirobolida,ITIS,154419,Order,Animalia,Bilateria,Protostomia,Ecdysozoa,Arthropoda,Myriapoda,NA,Diplopoda,Chilognatha,Helminthomorpha,NA,Spirobolida,NA,NA,NA,NA,NA,NA,NA,NA,NA,NA,NA,NA,NA,2025-11-16T23:26:12Z,success
Stagmomantis,ITIS,102397,Genus,Animalia,Bilateria,Protostomia,Ecdysozoa,Arthropoda,Hexapoda,NA,Insecta,Pterygota,Neoptera,Polyneoptera,Mantodea,Mantodea,NA,NA,Mantidae,NA,NA,NA,Stagmomantis,NA,NA,NA,NA,NA,2025-11-16T23:33:42Z,success
Staphylinidae,ITIS,113265,Family,Animalia,Bilateria,Protostomia,Ecdysozoa,Arthropoda,Hexapoda,NA,Insecta,Pterygota,Neoptera,Holometabola,Coleoptera,Polyphaga,Staphyliniformia,Staphylinoidea,Staphylinidae,NA,NA,NA,NA,NA,NA,NA,NA,NA,2025-11-16T23:30:53Z,success
Stator,ITIS,187758,Genus,Animalia,Bilateria,Protostomia,Ecdysozoa,Arthropoda,Hexapoda,NA,Insecta,Pterygota,Neoptera,Holometabola,Coleoptera,Polyphaga,Cucujiformia,Chrysomeloidea,Chrysomelidae,Bruchinae,NA,NA,Stator,NA,NA,NA,NA,NA,2025-11-16T23:30:54Z,success
Steatoda,ITIS,849420,Genus,Animalia,Bilateria,Protostomia,Ecdysozoa,Arthropoda,Chelicerata,NA,Arachnida,NA,NA,NA,Araneae,NA,NA,NA,Theridiidae,NA,NA,NA,Steatoda,NA,NA,NA,NA,NA,2025-11-16T23:30:55Z,success
Stenolophus,ITIS,111038,NA,Animalia,Bilateria,Protostomia,Ecdysozoa,Arthropoda,Hexapoda,NA,Insecta,Pterygota,Neoptera,Holometabola,Coleoptera,Adephaga,NA,NA,Carabidae,Harpalinae,Harpalini,NA,Stenolophus,NA,NA,NA,NA,NA,2025-11-16T23:30:56Z,success
Stenolophus (Stenolophus),ITIS,931681,NA,Animalia,Bilateria,Protostomia,Ecdysozoa,Arthropoda,Hexapoda,NA,Insecta,Pterygota,Neoptera,Holometabola,Coleoptera,Adephaga,NA,NA,Carabidae,Harpalinae,Harpalini,NA,Stenolophus,Stenolophus (Stenolophus),NA,NA,NA,NA,2025-11-16T23:30:58Z,success
Stenomorpha,GBIF,4725713,Genus,Animalia,NA,NA,NA,Arthropoda,NA,NA,Insecta,NA,NA,NA,Coleoptera,NA,NA,NA,Tenebrionidae,NA,NA,NA,Stenomorpha,NA,NA,NA,NA,NA,2025-11-16T23:30:57Z,success
Stenomorpha acerba,GBIF,9749432,Species,Animalia,NA,NA,NA,Arthropoda,NA,NA,Insecta,NA,NA,NA,Coleoptera,NA,NA,NA,Tenebrionidae,NA,NA,NA,Stenomorpha,NA,Stenomorpha acerba,NA,NA,NA,2025-11-16T23:32:57Z,success
Stenomorpha hirsuta,GBIF,9721785,Species,Animalia,NA,NA,NA,Arthropoda,NA,NA,Insecta,NA,NA,NA,Coleoptera,NA,NA,NA,Tenebrionidae,NA,NA,NA,Stenomorpha,NA,Stenomorpha hirsuta,NA,NA,NA,2025-11-16T23:27:19Z,success
Stenomorpha hispidula,GBIF,9805757,Species,Animalia,NA,NA,NA,Arthropoda,NA,NA,Insecta,NA,NA,NA,Coleoptera,NA,NA,NA,Tenebrionidae,NA,NA,NA,Stenomorpha,NA,Stenomorpha hispidula,NA,NA,NA,2025-11-16T23:27:20Z,success
Stenomorpha parallela,GBIF,9786211,Species,Animalia,NA,NA,NA,Arthropoda,NA,NA,Insecta,NA,NA,NA,Coleoptera,NA,NA,NA,Tenebrionidae,NA,NA,NA,Stenomorpha,NA,Stenomorpha parallela,NA,NA,NA,2025-11-16T23:24:32Z,success
Stenomorpha wickhami,GBIF,7831286,Species,Animalia,NA,NA,NA,Arthropoda,NA,NA,Insecta,NA,NA,NA,Coleoptera,NA,NA,NA,Tenebrionidae,NA,NA,NA,Stenomorpha,NA,Stenomorpha wickhami,NA,NA,NA,2025-11-16T23:24:33Z,success
Stenopodius,ITIS,719622,Genus,Animalia,Bilateria,Protostomia,Ecdysozoa,Arthropoda,Hexapoda,NA,Insecta,Pterygota,Neoptera,Holometabola,Coleoptera,Polyphaga,Cucujiformia,Chrysomeloidea,Chrysomelidae,Cassidinae,Chalepini,NA,Stenopodius,NA,NA,NA,NA,NA,2025-11-16T23:30:57Z,success
Stenus,ITIS,113576,Genus,Animalia,Bilateria,Protostomia,Ecdysozoa,Arthropoda,Hexapoda,NA,Insecta,Pterygota,Neoptera,Holometabola,Coleoptera,Polyphaga,Staphyliniformia,Staphylinoidea,Staphylinidae,Steninae,NA,NA,Stenus,NA,NA,NA,NA,NA,2025-11-16T23:30:59Z,success
Steriphanus,GBIF,4723911,Genus,Animalia,NA,NA,NA,Arthropoda,NA,NA,Insecta,NA,NA,NA,Coleoptera,NA,NA,NA,Tenebrionidae,NA,NA,NA,Steriphanus,NA,NA,NA,NA,NA,2025-11-16T23:31:00Z,success
Stragania,ITIS,200133,Genus,Animalia,Bilateria,Protostomia,Ecdysozoa,Arthropoda,Hexapoda,NA,Insecta,Pterygota,Neoptera,Acercaria,Hemiptera,Auchenorrhyncha,Cicadomorpha,Membracoidea,Cicadellidae,NA,NA,NA,Stragania,NA,NA,NA,NA,NA,2025-11-16T23:31:01Z,success
Stratiomyidae,ITIS,130150,Family,Animalia,Bilateria,Protostomia,Ecdysozoa,Arthropoda,Hexapoda,NA,Insecta,Pterygota,Neoptera,Holometabola,Diptera,Brachycera,Stratiomyomorpha,NA,Stratiomyidae,NA,NA,NA,NA,NA,NA,NA,NA,NA,2025-11-16T23:33:10Z,success
Strumigenys,ITIS,574155,Genus,Animalia,Bilateria,Protostomia,Ecdysozoa,Arthropoda,Hexapoda,NA,Insecta,Pterygota,Neoptera,Holometabola,Hymenoptera,Apocrita,Aculeata,Vespoidea,Formicidae,Myrmicinae,Dacetonini,NA,Strumigenys,NA,NA,NA,NA,NA,2025-11-16T23:31:02Z,success
Strumigenys louisianae,ITIS,582182,Species,Animalia,Bilateria,Protostomia,Ecdysozoa,Arthropoda,Hexapoda,NA,Insecta,Pterygota,Neoptera,Holometabola,Hymenoptera,Apocrita,Aculeata,Vespoidea,Formicidae,Myrmicinae,Dacetonini,NA,Strumigenys,NA,Strumigenys louisianae,NA,NA,NA,2025-11-16T23:25:03Z,success
Synaphosus,ITIS,873104,Genus,Animalia,Bilateria,Protostomia,Ecdysozoa,Arthropoda,Chelicerata,NA,Arachnida,NA,NA,NA,Araneae,NA,NA,NA,Gnaphosidae,NA,NA,NA,Synaphosus,NA,NA,NA,NA,NA,2025-11-16T23:32:01Z,success
Syntomus,ITIS,931473,Genus,Animalia,Bilateria,Protostomia,Ecdysozoa,Arthropoda,Hexapoda,NA,Insecta,Pterygota,Neoptera,Holometabola,Coleoptera,Adephaga,NA,NA,Carabidae,Harpalinae,Lebiini,NA,Syntomus,NA,NA,NA,NA,NA,2025-11-16T23:31:04Z,success
Syntomus americanus,ITIS,932569,Species,Animalia,Bilateria,Protostomia,Ecdysozoa,Arthropoda,Hexapoda,NA,Insecta,Pterygota,Neoptera,Holometabola,Coleoptera,Adephaga,NA,NA,Carabidae,Harpalinae,Lebiini,NA,Syntomus,NA,Syntomus americanus,NA,NA,NA,2025-11-16T23:31:04Z,success
Syphrea,ITIS,719708,Genus,Animalia,Bilateria,Protostomia,Ecdysozoa,Arthropoda,Hexapoda,NA,Insecta,Pterygota,Neoptera,Holometabola,Coleoptera,Polyphaga,Cucujiformia,Chrysomeloidea,Chrysomelidae,Galerucinae,Alticini,NA,Syphrea,NA,NA,NA,NA,NA,2025-11-16T23:31:05Z,success
Syrphidae,ITIS,139621,Family,Animalia,Bilateria,Protostomia,Ecdysozoa,Arthropoda,Hexapoda,NA,Insecta,Pterygota,Neoptera,Holometabola,Diptera,Brachycera,Muscomorpha,NA,Syrphidae,NA,NA,NA,NA,NA,NA,NA,NA,NA,2025-11-16T23:31:06Z,success
Syspira,ITIS,873111,Genus,Animalia,Bilateria,Protostomia,Ecdysozoa,Arthropoda,Chelicerata,NA,Arachnida,NA,NA,NA,Araneae,NA,NA,NA,Miturgidae,NA,NA,NA,Syspira,NA,NA,NA,NA,NA,2025-11-16T23:32:54Z,success
Systelloderes,ITIS,104009,Genus,Animalia,Bilateria,Protostomia,Ecdysozoa,Arthropoda,Hexapoda,NA,Insecta,Pterygota,Neoptera,Acercaria,Hemiptera,Heteroptera,Enicocephalomorpha,Enicocephaloidea,Enicocephalidae,Enicocephalinae,NA,NA,Systelloderes,NA,NA,NA,NA,NA,2025-11-16T23:31:06Z,success
Systena,ITIS,187786,Genus,Animalia,Bilateria,Protostomia,Ecdysozoa,Arthropoda,Hexapoda,NA,Insecta,Pterygota,Neoptera,Holometabola,Coleoptera,Polyphaga,Cucujiformia,Chrysomeloidea,Chrysomelidae,Galerucinae,Alticini,NA,Systena,NA,NA,NA,NA,NA,2025-11-16T23:31:07Z,success
Tachinidae,ITIS,152643,Family,Animalia,Bilateria,Protostomia,Ecdysozoa,Arthropoda,Hexapoda,NA,Insecta,Pterygota,Neoptera,Holometabola,Diptera,Brachycera,Muscomorpha,NA,Tachinidae,NA,NA,NA,NA,NA,NA,NA,NA,NA,2025-11-16T23:31:08Z,success
Tanaostigmatidae,ITIS,153944,Family,Animalia,Bilateria,Protostomia,Ecdysozoa,Arthropoda,Hexapoda,NA,Insecta,Pterygota,Neoptera,Holometabola,Hymenoptera,Apocrita,Terebrantes,Chalcidoidea,Tanaostigmatidae,NA,NA,NA,NA,NA,NA,NA,NA,NA,2025-11-16T23:31:09Z,success
Tarsonops,ITIS,849486,Genus,Animalia,Bilateria,Protostomia,Ecdysozoa,Arthropoda,Chelicerata,NA,Arachnida,NA,NA,NA,Araneae,NA,NA,NA,Caponiidae,NA,NA,NA,Tarsonops,NA,NA,NA,NA,NA,2025-11-16T23:31:09Z,success
Tarsonops systematicus,ITIS,868060,Species,Animalia,Bilateria,Protostomia,Ecdysozoa,Arthropoda,Chelicerata,NA,Arachnida,NA,NA,NA,Araneae,NA,NA,NA,Caponiidae,NA,NA,NA,Tarsonops,NA,Tarsonops systematicus,NA,NA,NA,2025-11-16T23:33:29Z,success
Tegrodera,ITIS,114399,Genus,Animalia,Bilateria,Protostomia,Ecdysozoa,Arthropoda,Hexapoda,NA,Insecta,Pterygota,Neoptera,Holometabola,Coleoptera,Polyphaga,Cucujiformia,Tenebrionoidea,Meloidae,Meloinae,Eupomphini,NA,Tegrodera,NA,NA,NA,NA,NA,2025-11-16T23:31:10Z,success
Telabis,GBIF,4722361,Genus,Animalia,NA,NA,NA,Arthropoda,NA,NA,Insecta,NA,NA,NA,Coleoptera,NA,NA,NA,Tenebrionidae,NA,NA,NA,Telabis,NA,NA,NA,NA,NA,2025-11-16T23:31:11Z,success
Telesicles,GBIF,4718466,Genus,Animalia,NA,NA,NA,Arthropoda,NA,NA,Insecta,NA,NA,NA,Coleoptera,NA,NA,NA,Tenebrionidae,NA,NA,NA,Telesicles,NA,NA,NA,NA,NA,2025-11-16T23:31:13Z,success
Tenebrionidae,ITIS,114419,Family,Animalia,Bilateria,Protostomia,Ecdysozoa,Arthropoda,Hexapoda,NA,Insecta,Pterygota,Neoptera,Holometabola,Coleoptera,Polyphaga,Cucujiformia,Tenebrionoidea,Tenebrionidae,NA,NA,NA,NA,NA,NA,NA,NA,NA,2025-11-16T23:31:13Z,success
Tennesseellum,ITIS,849504,Genus,Animalia,Bilateria,Protostomia,Ecdysozoa,Arthropoda,Chelicerata,NA,Arachnida,NA,NA,NA,Araneae,NA,NA,NA,Linyphiidae,NA,NA,NA,Tennesseellum,NA,NA,NA,NA,NA,2025-11-16T23:28:17Z,success
Tephritidae,ITIS,142604,Family,Animalia,Bilateria,Protostomia,Ecdysozoa,Arthropoda,Hexapoda,NA,Insecta,Pterygota,Neoptera,Holometabola,Diptera,Brachycera,Muscomorpha,NA,Tephritidae,NA,NA,NA,NA,NA,NA,NA,NA,NA,2025-11-16T23:31:14Z,success
Termitidae,ITIS,102443,Family,Animalia,Bilateria,Protostomia,Ecdysozoa,Arthropoda,Hexapoda,NA,Insecta,Pterygota,Neoptera,Polyneoptera,Blattodea,NA,NA,Blattoidea,Termitidae,NA,NA,NA,NA,NA,NA,NA,NA,NA,2025-11-16T23:31:16Z,success
Tethymyia,ITIS,129164,Genus,Animalia,Bilateria,Protostomia,Ecdysozoa,Arthropoda,Hexapoda,NA,Insecta,Pterygota,Neoptera,Holometabola,Diptera,Nematocera,Culicomorpha,NA,Chironomidae,Orthocladiinae,NA,NA,Tethymyia,NA,NA,NA,NA,NA,2025-11-16T23:31:16Z,success
Tetragnathidae,ITIS,847764,Family,Animalia,Bilateria,Protostomia,Ecdysozoa,Arthropoda,Chelicerata,NA,Arachnida,NA,NA,NA,Araneae,NA,NA,NA,Tetragnathidae,NA,NA,NA,NA,NA,NA,NA,NA,NA,2025-11-16T23:31:18Z,success
Tetragonoderus,ITIS,111536,Genus,Animalia,Bilateria,Protostomia,Ecdysozoa,Arthropoda,Hexapoda,NA,Insecta,Pterygota,Neoptera,Holometabola,Coleoptera,Adephaga,NA,NA,Carabidae,Harpalinae,Cyclosomini,NA,Tetragonoderus,NA,NA,NA,NA,NA,2025-11-16T23:31:17Z,success
Tetragonoderus pallidus,ITIS,111540,Species,Animalia,Bilateria,Protostomia,Ecdysozoa,Arthropoda,Hexapoda,NA,Insecta,Pterygota,Neoptera,Holometabola,Coleoptera,Adephaga,NA,NA,Carabidae,Harpalinae,Cyclosomini,NA,Tetragonoderus,Tetragonoderus (Crossonychus),Tetragonoderus pallidus,NA,NA,NA,2025-11-16T23:33:41Z,success
Tetramorium,ITIS,154245,Genus,Animalia,Bilateria,Protostomia,Ecdysozoa,Arthropoda,Hexapoda,NA,Insecta,Pterygota,Neoptera,Holometabola,Hymenoptera,Apocrita,Aculeata,Vespoidea,Formicidae,Myrmicinae,Tetramoriini,NA,Tetramorium,NA,NA,NA,NA,NA,2025-11-16T23:31:19Z,success
Tetramorium hispidum,ITIS,582437,Species,Animalia,Bilateria,Protostomia,Ecdysozoa,Arthropoda,Hexapoda,NA,Insecta,Pterygota,Neoptera,Holometabola,Hymenoptera,Apocrita,Aculeata,Vespoidea,Formicidae,Myrmicinae,Tetramoriini,NA,Tetramorium,NA,Tetramorium hispidum,NA,NA,NA,2025-11-16T23:33:31Z,success
Tettigoniidae,ITIS,102232,Family,Animalia,Bilateria,Protostomia,Ecdysozoa,Arthropoda,Hexapoda,NA,Insecta,Pterygota,Neoptera,Polyneoptera,Orthoptera,Ensifera,Tettigoniidea,Tettigonioidea,Tettigoniidae,NA,NA,NA,NA,NA,NA,NA,NA,NA,2025-11-16T23:31:19Z,success
Texananus,GBIF,2025911,Genus,Animalia,NA,NA,NA,Arthropoda,NA,NA,Insecta,NA,NA,NA,Hemiptera,NA,NA,NA,Cicadellidae,NA,NA,NA,Texananus,NA,NA,NA,NA,NA,2025-11-16T23:31:21Z,success
Thanatus,ITIS,873177,Genus,Animalia,Bilateria,Protostomia,Ecdysozoa,Arthropoda,Chelicerata,NA,Arachnida,NA,NA,NA,Araneae,NA,NA,NA,Philodromidae,NA,NA,NA,Thanatus,NA,NA,NA,NA,NA,2025-11-16T23:31:21Z,success
Theridiidae,ITIS,82740,Family,Animalia,Bilateria,Protostomia,Ecdysozoa,Arthropoda,Chelicerata,NA,Arachnida,NA,NA,NA,Araneae,NA,NA,NA,Theridiidae,NA,NA,NA,NA,NA,NA,NA,NA,NA,2025-11-16T23:31:22Z,success
Thinoxenus,ITIS,617061,Genus,Animalia,Bilateria,Protostomia,Ecdysozoa,Arthropoda,Hexapoda,NA,Insecta,Pterygota,Neoptera,Holometabola,Coleoptera,Polyphaga,Cucujiformia,Curculionoidea,Curculionidae,NA,NA,NA,Thinoxenus,NA,NA,NA,NA,NA,2025-11-16T23:31:23Z,success
Thomisidae,ITIS,871543,Family,Animalia,Bilateria,Protostomia,Ecdysozoa,Arthropoda,Chelicerata,NA,Arachnida,NA,NA,NA,Araneae,NA,NA,NA,Thomisidae,NA,NA,NA,NA,NA,NA,NA,NA,NA,2025-11-16T23:31:24Z,success
Thripidae,ITIS,103353,Family,Animalia,Bilateria,Protostomia,Ecdysozoa,Arthropoda,Hexapoda,NA,Insecta,Pterygota,Neoptera,Acercaria,Thysanoptera,Terebrantia,NA,NA,Thripidae,NA,NA,NA,NA,NA,NA,NA,NA,NA,2025-11-16T23:31:24Z,success
Thyanta,ITIS,108971,Genus,Animalia,Bilateria,Protostomia,Ecdysozoa,Arthropoda,Hexapoda,NA,Insecta,Pterygota,Neoptera,Acercaria,Hemiptera,Heteroptera,Pentatomomorpha,Pentatomoidea,Pentatomidae,Pentatominae,Pentatomini,NA,Thyanta,NA,NA,NA,NA,NA,2025-11-16T23:31:26Z,success
Thymoites,ITIS,849537,Genus,Animalia,Bilateria,Protostomia,Ecdysozoa,Arthropoda,Chelicerata,NA,Arachnida,NA,NA,NA,Araneae,NA,NA,NA,Theridiidae,NA,NA,NA,Thymoites,NA,NA,NA,NA,NA,2025-11-16T23:31:27Z,success
Thyreocoridae,ITIS,109110,Family,Animalia,Bilateria,Protostomia,Ecdysozoa,Arthropoda,Hexapoda,NA,Insecta,Pterygota,Neoptera,Acercaria,Hemiptera,Heteroptera,Pentatomomorpha,Pentatomoidea,Thyreocoridae,NA,NA,NA,NA,NA,NA,NA,NA,NA,2025-11-16T23:31:27Z,success
Thysanoptera,ITIS,103348,Order,Animalia,Bilateria,Protostomia,Ecdysozoa,Arthropoda,Hexapoda,NA,Insecta,Pterygota,Neoptera,Acercaria,Thysanoptera,NA,NA,NA,NA,NA,NA,NA,NA,NA,NA,NA,NA,NA,2025-11-16T23:31:28Z,success
Tidarren,ITIS,849545,Genus,Animalia,Bilateria,Protostomia,Ecdysozoa,Arthropoda,Chelicerata,NA,Arachnida,NA,NA,NA,Araneae,NA,NA,NA,Theridiidae,NA,NA,NA,Tidarren,NA,NA,NA,NA,NA,2025-11-16T23:31:29Z,success
Tingidae,ITIS,104177,Family,Animalia,Bilateria,Protostomia,Ecdysozoa,Arthropoda,Hexapoda,NA,Insecta,Pterygota,Neoptera,Acercaria,Hemiptera,Heteroptera,Cimicomorpha,Miroidea,Tingidae,NA,NA,NA,NA,NA,NA,NA,NA,NA,2025-11-16T23:31:30Z,success
Tiphiidae,ITIS,154175,Family,Animalia,Bilateria,Protostomia,Ecdysozoa,Arthropoda,Hexapoda,NA,Insecta,Pterygota,Neoptera,Holometabola,Hymenoptera,Apocrita,Aculeata,Vespoidea,Tiphiidae,NA,NA,NA,NA,NA,NA,NA,NA,NA,2025-11-16T23:31:30Z,success
Tipulidae,ITIS,118840,Family,Animalia,Bilateria,Protostomia,Ecdysozoa,Arthropoda,Hexapoda,NA,Insecta,Pterygota,Neoptera,Holometabola,Diptera,Nematocera,Tipulomorpha,NA,Tipulidae,NA,NA,NA,NA,NA,NA,NA,NA,NA,2025-11-16T23:31:31Z,success
Tominotus,ITIS,108610,Genus,Animalia,Bilateria,Protostomia,Ecdysozoa,Arthropoda,Hexapoda,NA,Insecta,Pterygota,Neoptera,Acercaria,Hemiptera,Heteroptera,Pentatomomorpha,Pentatomoidea,Cydnidae,Cydninae,NA,NA,Tominotus,NA,NA,NA,NA,NA,2025-11-16T23:31:32Z,success
Tortricidae,ITIS,117856,Family,Animalia,Bilateria,Protostomia,Ecdysozoa,Arthropoda,Hexapoda,NA,Insecta,Pterygota,Neoptera,Holometabola,Lepidoptera,NA,NA,Tortricoidea,Tortricidae,NA,NA,NA,NA,NA,NA,NA,NA,NA,2025-11-16T23:32:20Z,success
Torymidae,ITIS,153968,Family,Animalia,Bilateria,Protostomia,Ecdysozoa,Arthropoda,Hexapoda,NA,Insecta,Pterygota,Neoptera,Holometabola,Hymenoptera,Apocrita,Terebrantes,Chalcidoidea,Torymidae,NA,NA,NA,NA,NA,NA,NA,NA,NA,2025-11-16T23:31:32Z,success
Trachymyrmex,ITIS,574161,Genus,Animalia,Bilateria,Protostomia,Ecdysozoa,Arthropoda,Hexapoda,NA,Insecta,Pterygota,Neoptera,Holometabola,Hymenoptera,Apocrita,Aculeata,Vespoidea,Formicidae,Myrmicinae,Attini,NA,Trachymyrmex,NA,NA,NA,NA,NA,2025-11-16T23:31:33Z,success
Trachyzelotes,ITIS,873243,Genus,Animalia,Bilateria,Protostomia,Ecdysozoa,Arthropoda,Chelicerata,NA,Arachnida,NA,NA,NA,Araneae,NA,NA,NA,Gnaphosidae,NA,NA,NA,Trachyzelotes,NA,NA,NA,NA,NA,2025-11-16T23:32:14Z,success
Triatoma,ITIS,107459,Genus,Animalia,Bilateria,Protostomia,Ecdysozoa,Arthropoda,Hexapoda,NA,Insecta,Pterygota,Neoptera,Acercaria,Hemiptera,Heteroptera,Cimicomorpha,Reduvoidea,Reduviidae,Triatominae,Triatomini,NA,Triatoma,NA,NA,NA,NA,NA,2025-11-16T23:31:34Z,success
Trichochrous,GBIF,4713765,Genus,Animalia,NA,NA,NA,Arthropoda,NA,NA,Insecta,NA,NA,NA,Coleoptera,NA,NA,NA,Melyridae,NA,NA,NA,Trichochrous,NA,NA,NA,NA,NA,2025-11-16T23:27:56Z,success
Trichogrammatidae,ITIS,153728,Family,Animalia,Bilateria,Protostomia,Ecdysozoa,Arthropoda,Hexapoda,NA,Insecta,Pterygota,Neoptera,Holometabola,Hymenoptera,Apocrita,Terebrantes,Chalcidoidea,Trichogrammatidae,NA,NA,NA,NA,NA,NA,NA,NA,NA,2025-11-16T23:31:37Z,success
Trichoton,GBIF,4724163,Genus,Animalia,NA,NA,NA,Arthropoda,NA,NA,Insecta,NA,NA,NA,Coleoptera,NA,NA,NA,Tenebrionidae,NA,NA,NA,Trichoton,NA,NA,NA,NA,NA,2025-11-16T23:31:36Z,success
Trichoton sordidum,GBIF,9812737,Species,Animalia,NA,NA,NA,Arthropoda,NA,NA,Insecta,NA,NA,NA,Coleoptera,NA,NA,NA,Tenebrionidae,NA,NA,NA,Trichoton,NA,Trichoton sordidum,NA,NA,NA,2025-11-16T23:30:47Z,success
Tricorynus,ITIS,187364,Genus,Animalia,Bilateria,Protostomia,Ecdysozoa,Arthropoda,Hexapoda,NA,Insecta,Pterygota,Neoptera,Holometabola,Coleoptera,Polyphaga,Bostrichiformia,Bostrichoidea,Ptinidae,Mesocoelopodinae,NA,NA,Tricorynus,NA,NA,NA,NA,NA,2025-11-16T23:31:37Z,success
Triorophus,GBIF,4722549,Genus,Animalia,NA,NA,NA,Arthropoda,NA,NA,Insecta,NA,NA,NA,Coleoptera,NA,NA,NA,Tenebrionidae,NA,NA,NA,Triorophus,NA,NA,NA,NA,NA,2025-11-16T23:31:39Z,success
Trochosa,ITIS,849587,Genus,Animalia,Bilateria,Protostomia,Ecdysozoa,Arthropoda,Chelicerata,NA,Arachnida,NA,NA,NA,Araneae,NA,NA,NA,Lycosidae,NA,NA,NA,Trochosa,NA,NA,NA,NA,NA,2025-11-16T23:31:39Z,success
Trombidioidea,ITIS,895638,Superfamily,Animalia,Bilateria,Protostomia,Ecdysozoa,Arthropoda,Chelicerata,NA,Arachnida,NA,NA,Acariformes,Trombidiformes,Prostigmata,Anystina,Trombidioidea,NA,NA,NA,NA,NA,NA,NA,NA,NA,NA,2025-11-16T23:32:28Z,success
Trupanea,ITIS,143052,Genus,Animalia,Bilateria,Protostomia,Ecdysozoa,Arthropoda,Hexapoda,NA,Insecta,Pterygota,Neoptera,Holometabola,Diptera,Brachycera,Muscomorpha,NA,Tephritidae,NA,NA,NA,Trupanea,NA,NA,NA,NA,NA,2025-11-16T23:31:40Z,success
Tuponia,ITIS,106832,Genus,Animalia,Bilateria,Protostomia,Ecdysozoa,Arthropoda,Hexapoda,NA,Insecta,Pterygota,Neoptera,Acercaria,Hemiptera,Heteroptera,Cimicomorpha,Miroidea,Miridae,Phylinae,Phylini,NA,Tuponia,NA,NA,NA,NA,NA,2025-11-16T23:31:42Z,success
Tymnes,ITIS,719755,Genus,Animalia,Bilateria,Protostomia,Ecdysozoa,Arthropoda,Hexapoda,NA,Insecta,Pterygota,Neoptera,Holometabola,Coleoptera,Polyphaga,Cucujiformia,Chrysomeloidea,Chrysomelidae,Eumolpinae,Eumolpini,NA,Tymnes,NA,NA,NA,NA,NA,2025-11-16T23:31:42Z,success
Typhaea,ITIS,187103,Genus,Animalia,Bilateria,Protostomia,Ecdysozoa,Arthropoda,Hexapoda,NA,Insecta,Pterygota,Neoptera,Holometabola,Coleoptera,Polyphaga,Cucujiformia,Tenebrionoidea,Mycetophagidae,Mycetophaginae,NA,NA,Typhaea,NA,NA,NA,NA,NA,2025-11-16T23:31:43Z,success
Uloboridae,ITIS,847767,Family,Animalia,Bilateria,Protostomia,Ecdysozoa,Arthropoda,Chelicerata,NA,Arachnida,NA,NA,NA,Araneae,NA,NA,NA,Uloboridae,NA,NA,NA,NA,NA,NA,NA,NA,NA,2025-11-16T23:31:44Z,success
Ulus,GBIF,4722898,Genus,Animalia,NA,NA,NA,Arthropoda,NA,NA,Insecta,NA,NA,NA,Coleoptera,NA,NA,NA,Tenebrionidae,NA,NA,NA,Ulus,NA,NA,NA,NA,NA,2025-11-16T23:31:45Z,success
Ummidia,ITIS,849625,Genus,Animalia,Bilateria,Protostomia,Ecdysozoa,Arthropoda,Chelicerata,NA,Arachnida,NA,NA,NA,Araneae,NA,NA,NA,Ctenizidae,NA,NA,NA,Ummidia,NA,NA,NA,NA,NA,2025-11-16T23:31:46Z,success
Urozelotes,ITIS,185656,Genus,Animalia,Bilateria,Protostomia,Ecdysozoa,Arthropoda,Chelicerata,NA,Arachnida,NA,NA,NA,Araneae,NA,NA,NA,Gnaphosidae,NA,NA,NA,Urozelotes,NA,NA,NA,NA,NA,2025-11-16T23:31:46Z,success
Vacusus,ITIS,187177,Genus,Animalia,Bilateria,Protostomia,Ecdysozoa,Arthropoda,Hexapoda,NA,Insecta,Pterygota,Neoptera,Holometabola,Coleoptera,Polyphaga,Cucujiformia,Tenebrionoidea,Anthicidae,Anthicinae,NA,NA,Vacusus,NA,NA,NA,NA,NA,2025-11-16T23:31:47Z,success
Vaejovidae,ITIS,690791,Family,Animalia,Bilateria,Protostomia,Ecdysozoa,Arthropoda,Chelicerata,NA,Arachnida,NA,NA,NA,Scorpiones,NA,NA,Chactoidea,Vaejovidae,NA,NA,NA,NA,NA,NA,NA,NA,NA,2025-11-16T23:31:48Z,success
Veromessor,GBIF,4672965,Genus,Animalia,NA,NA,NA,Arthropoda,NA,NA,Insecta,NA,NA,NA,Hymenoptera,NA,NA,NA,Formicidae,NA,NA,NA,Veromessor,NA,NA,NA,NA,NA,2025-11-16T23:33:04Z,success
Vespidae,ITIS,154249,Family,Animalia,Bilateria,Protostomia,Ecdysozoa,Arthropoda,Hexapoda,NA,Insecta,Pterygota,Neoptera,Holometabola,Hymenoptera,Apocrita,Aculeata,Vespoidea,Vespidae,NA,NA,NA,NA,NA,NA,NA,NA,NA,2025-11-16T23:31:48Z,success
Xanthopygus,GBIF,4715241,Genus,Animalia,NA,NA,NA,Arthropoda,NA,NA,Insecta,NA,NA,NA,Coleoptera,NA,NA,NA,Staphylinidae,NA,NA,NA,Xanthopygus,NA,NA,NA,NA,NA,2025-11-16T23:31:49Z,success
Xenomyrmex,ITIS,574167,Genus,Animalia,Bilateria,Protostomia,Ecdysozoa,Arthropoda,Hexapoda,NA,Insecta,Pterygota,Neoptera,Holometabola,Hymenoptera,Apocrita,Aculeata,Vespoidea,Formicidae,Myrmicinae,Metaponini,NA,Xenomyrmex,NA,NA,NA,NA,NA,2025-11-16T23:31:50Z,success
Xiphydriidae,ITIS,152852,Family,Animalia,Bilateria,Protostomia,Ecdysozoa,Arthropoda,Hexapoda,NA,Insecta,Pterygota,Neoptera,Holometabola,Hymenoptera,Symphyta,NA,Xiphydrioidea,Xiphydriidae,NA,NA,NA,NA,NA,NA,NA,NA,NA,2025-11-16T23:32:36Z,success
Xylocopa,ITIS,154392,Genus,Animalia,Bilateria,Protostomia,Ecdysozoa,Arthropoda,Hexapoda,NA,Insecta,Pterygota,Neoptera,Holometabola,Hymenoptera,Apocrita,Aculeata,Apoidea,Apidae,Xylocopinae,Xylocopini,NA,Xylocopa,NA,NA,NA,NA,NA,2025-11-16T23:31:52Z,success
Xylocoris,ITIS,107037,Genus,Animalia,Bilateria,Protostomia,Ecdysozoa,Arthropoda,Hexapoda,NA,Insecta,Pterygota,Neoptera,Acercaria,Hemiptera,Heteroptera,Cimicomorpha,Cimicoidea,Anthocoridae,Lyctocorinae,Xylocorini,NA,Xylocoris,NA,NA,NA,NA,NA,2025-11-16T23:31:51Z,success
Xyphon,GBIF,2024760,Genus,Animalia,NA,NA,NA,Arthropoda,NA,NA,Insecta,NA,NA,NA,Hemiptera,NA,NA,NA,Cicadellidae,NA,NA,NA,Xyphon,NA,NA,NA,NA,NA,2025-11-16T23:32:59Z,success
Xysticus,ITIS,873341,Genus,Animalia,Bilateria,Protostomia,Ecdysozoa,Arthropoda,Chelicerata,NA,Arachnida,NA,NA,NA,Araneae,NA,NA,NA,Thomisidae,NA,NA,NA,Xysticus,NA,NA,NA,NA,NA,2025-11-16T23:31:53Z,success
Yponomeutidae,ITIS,118716,Family,Animalia,Bilateria,Protostomia,Ecdysozoa,Arthropoda,Hexapoda,NA,Insecta,Pterygota,Neoptera,Holometabola,Lepidoptera,NA,NA,Yponomeutoidea,Yponomeutidae,NA,NA,NA,NA,NA,NA,NA,NA,NA,2025-11-16T23:32:24Z,success
Zabrotes,ITIS,187761,Genus,Animalia,Bilateria,Protostomia,Ecdysozoa,Arthropoda,Hexapoda,NA,Insecta,Pterygota,Neoptera,Holometabola,Coleoptera,Polyphaga,Cucujiformia,Chrysomeloidea,Chrysomelidae,Bruchinae,NA,NA,Zabrotes,NA,NA,NA,NA,NA,2025-11-16T23:31:54Z,success
Zagloba,ITIS,692176,Genus,Animalia,Bilateria,Protostomia,Ecdysozoa,Arthropoda,Hexapoda,NA,Insecta,Pterygota,Neoptera,Holometabola,Coleoptera,Polyphaga,Cucujiformia,Coccinelloidea,Coccinellidae,Coccinellinae,Scymnillini,NA,Zagloba,NA,NA,NA,NA,NA,2025-11-16T23:31:55Z,success
Zagrammosoma,GBIF,1385374,Genus,Animalia,NA,NA,NA,Arthropoda,NA,NA,Insecta,NA,NA,NA,Hymenoptera,NA,NA,NA,Eulophidae,NA,NA,NA,Zagrammosoma,NA,NA,NA,NA,NA,2025-11-16T23:32:27Z,success
Zelotes,ITIS,185597,Genus,Animalia,Bilateria,Protostomia,Ecdysozoa,Arthropoda,Chelicerata,NA,Arachnida,NA,NA,NA,Araneae,NA,NA,NA,Gnaphosidae,NA,NA,NA,Zelotes,NA,NA,NA,NA,NA,2025-11-16T23:31:56Z,success
Zopheridae,ITIS,678369,Family,Animalia,Bilateria,Protostomia,Ecdysozoa,Arthropoda,Hexapoda,NA,Insecta,Pterygota,Neoptera,Holometabola,Coleoptera,Polyphaga,Cucujiformia,Tenebrionoidea,Zopheridae,NA,NA,NA,NA,NA,NA,NA,NA,NA,2025-11-16T23:28:40Z,success
Zopherus,ITIS,706175,Genus,Animalia,Bilateria,Protostomia,Ecdysozoa,Arthropoda,Hexapoda,NA,Insecta,Pterygota,Neoptera,Holometabola,Coleoptera,Polyphaga,Cucujiformia,Tenebrionoidea,Zopheridae,Zopherinae,NA,NA,Zopherus,NA,NA,NA,NA,NA,2025-11-16T23:31:56Z,success
Zophobas,GBIF,7401343,Genus,Animalia,NA,NA,NA,Arthropoda,NA,NA,Insecta,NA,NA,NA,Coleoptera,NA,NA,NA,Tenebrionidae,NA,NA,NA,Zophobas,NA,NA,NA,NA,NA,2025-11-16T23:31:57Z,success
Zoropsidae,ITIS,871550,Family,Animalia,Bilateria,Protostomia,Ecdysozoa,Arthropoda,Chelicerata,NA,Arachnida,NA,NA,NA,Araneae,NA,NA,NA,Zoropsidae,NA,NA,NA,NA,NA,NA,NA,NA,NA,2025-11-16T23:31:58Z,success
Zygentoma,ITIS,685008,Order,Animalia,Bilateria,Protostomia,Ecdysozoa,Arthropoda,Hexapoda,NA,Insecta,NA,NA,NA,Zygentoma,NA,NA,NA,NA,NA,NA,NA,NA,NA,NA,NA,NA,NA,2025-11-16T23:31:25Z,success
